part_code,part_name,vietnamese_name,korean_name,spec,unit,category,status,min_stock,description,created_by
MT001,COOLANT FILTER,LỌC NƯỚC,냉각수 필터,10in/200µm,EA,FILTER,NEW,150,,
MT002,ELECTRIC FILTER,BÔNG LỌC TỦ ĐIỆN,전기필터,,EA,FILTER,NEW,800,,
MT003,BODER ELECTRIC BOX (OLD),KHUNG LỌC TỦ ĐIỆN CŨ,보더 전기박스(구형),12x20mm,EA,THIẾT BỊ CƠ KHÍ,OLD,50,,
MT004,INDICATOR LASER,MẶT ĐỒNG HỒ KHÍ LASER,인디케이터 레이저,SMC Y-40Z,EA,AIR PRESSURE SYSTEM,NEW,20,,
MT005,AIR POWER FILTER COVER,"BỘ ĐIỀU ÁP, LỌC KHÍ TỔNG ĐƠN",에어 파워 필터 커버(신품),CKD/W3000-8-W-FL405141,EA,AIR PRESSURE SYSTEM,NEW,10,,
MT006,AIR POWER FILTER (OLD),"BỘ ĐIỀU ÁP ,LỌC KHÍ TỔNG CŨ ",에어 파워 필터(구 세트),CKD/W3000-8-W-FL405141,SET,AIR PRESSURE SYSTEM,OLD,0,,
MT007,AIR POWER FILTER COVER (OLD),"BỘ ĐIỀU ÁP ,LỌC KHÍ TỔNG ĐƠN CŨ",공기 동력 필터 커버(이전 EA),CKD/W3000-8-W-FL405141,EA,AIR PRESSURE SYSTEM,OLD,0,,
MT008,LOWER SOUND SN200-02,GIẢM THANH SN200-02,낮은 소리 SN200-02,TPC/SN200-02,EA,THIẾT BỊ CƠ KHÍ,NEW,100,,
MT009,LOWER SOUND SN300-03,GIẢM THANH SN300-03,로우어사운드 SN300-03,SN300-03,EA,THIẾT BỊ CƠ KHÍ,NEW,100,,
MT010,LOWER SOUND TSTM-02,GIẢM THANH TSTM-02,낮은 소리 TSTM-02,TPC/TSTM-02,EA,THIẾT BỊ CƠ KHÍ,NEW,100,,
MT011,AIR REGUALATION SPINDLE RB500,BỘ ĐIỀU ÁP KHÍ SPINDLE RB500,공기 조절 스핀들 RB500,CKD/RB500-LLC6-LT,EA,AIR PRESSURE SYSTEM,NEW,10,,
MT012,LASER FILTER ,BỘ LỌC KHÍ LASER ,레이저 필터(새 세트),"SMC AW20-02-A 0.05-0.7 MPA
AFM20-02-A 1 MPA",SET,LASER,NEW,20,,
MT013,LASER FILTER (OLD),BỘ LỌC KHÍ LASER CŨ,레이저 필터(기존 세트),"SMC AW20-02-A 0.05-0.7 MPA
AFM20-02-A 1 MPA",EA,LASER,OLD,0,,
MT014,AIR REGUALATION SPINDLE R1000,BỘ ĐIỀU ÁP KHÍ SPINDLE,공기 조절 스핀들 R1000(새 EA),CKD/R1000-8-W,EA,AIR PRESSURE SYSTEM,NEW,10,,
MT015,RDS5120 VALVE,VAN ĐIỆN TỪ RDS5120,RDS5120 밸브(신규),TPC/RDS5120,EA,THIẾT BỊ ĐIỆN,NEW,20,,
MT016.1,SY7220 VALVE (OLD),VAN ĐIỆN TỪ SY7220 CŨ,SY7220 밸브(구형),SMC/SY7220-5L0Z-02,EA,THIẾT BỊ ĐIỆN,OLD,0,,
MT016.2,DV4220 VALVE (OLD),VAN ĐIỆN TỪ DV4220 CŨ,DV4220 밸브(구형),TPC/DV4220P-5H-02,EA,THIẾT BỊ ĐIỆN,OLD,0,,
MT016.3,DV3240 VALVE (OLD),VAN ĐIỆN TỪ DV3240 CŨ,DV3240 밸브(구형),TPC/DV3240P-5H-02,EA,THIẾT BỊ ĐIỆN,OLD,0,,
MT016.4,SY5240 VALVE (OLD),VAN ĐIỆN TỪ SY5240 CŨ,SY5240 밸브(구형),SMC/SY5240R-5L0Z-02,EA,THIẾT BỊ ĐIỆN,OLD,0,,
MT017,DDR-T VALVE (OLD),VAN ĐIỆN TỪ TRỤC DDR-T CŨ,DDR-T 밸브(구형),CKD/4GB119-E2,EA,THIẾT BỊ ĐIỆN,OLD,0,,
MT018.1,SY5240 VALVE,VAN ĐIỆN TỪ SY7220,SY5240 밸브(신규),SMC/SY5240R-5L0Z-02,EA,THIẾT BỊ ĐIỆN,NEW,20,,
MT018.2,DV3240 VALVE,VAN ĐIỆN TỪ DV4220,DV3240 밸브(신규),TPC/DV4220P-5H-02,EA,THIẾT BỊ ĐIỆN,NEW,20,,
MT019.1,DV4220 VALVE,VAN ĐIỆN TỪ DV3240,DV4220 밸브(신품),TPC/DV3240P-5H-02,EA,THIẾT BỊ ĐIỆN,NEW,20,,
MT019.2,SY7220 VALVE,VAN ĐIỆN TỪ SY5240,SY7220 밸브(신규),SMC/SY5240R-5L0Z-02,EA,THIẾT BỊ ĐIỆN,NEW,20,,
MT020.1,AMP FAN-0575,QUẠT AMP FAN-0575 ,AMP FAN-0575 (신제품),A90L-0001-0575#A (0.009A),EA,THIẾT BỊ LÀM MÁT,NEW,8,,
MT020.2,AMP FAN-0577,QUẠT AMP FAN-05757,AMP FAN-0577 (신제품),A90L-0001-0577 (0.35A),EA,THIẾT BỊ LÀM MÁT,NEW,8,,
MT020.3,AMP FAN-0580,QUẠT AMP FAN-0580,AMP FAN-0580 (신제품),A90L-0001-0580#B (0.007A),EA,THIẾT BỊ LÀM MÁT,NEW,8,,
MT020.4,AMP FAN-0581,QUẠT AMP FAN-0581,AMP FAN-0581 (신제품),A90L-0001-0581 (0.15A),EA,THIẾT BỊ LÀM MÁT,NEW,8,,
MT021,FAN COVER,COVER QUẠT SPINDLE,팬 커버(신품),,EA,THIẾT BỊ CƠ KHÍ,NEW,10,,
MT022,TERMINAL SPINDLE MOTOR (OLD),CẦU ĐẤU SPINDLE MOTOR CŨ,터미널 스핀들 모터(구형),,EA,THIẾT BỊ ĐIỆN,OLD,0,,
MT023.1,SPINDLE MOTOR ORING 56x1.8,GIOĂNG SPINDLE MOTOR 56x1.8,스핀들 모터 ORING 56x1.8,56x1.8mm,EA,THIẾT BỊ CƠ KHÍ,NEW,50,,
MT023.2,SPINDLE ORING 4.5x1.5,GIOĂNG SPINDLE ORING 4.5x1.5,스핀들 오링 4.5x1.5,4.5x1.5mm,EA,THIẾT BỊ CƠ KHÍ,NEW,50,,
MT023.3,SPINDLE ORING 42x1.5,GIOĂNG SPINDLE ORING 42x1.5,스핀들 오링 42x1.5,42x1.5mm,EA,THIẾT BỊ CƠ KHÍ,NEW,50,,
MT023.4,SPINDL ORING 92x2,GIOĂNG SPINDL ORING 92x2,스핀들 ORING 92x2,92x2mm,EA,THIẾT BỊ CƠ KHÍ,NEW,50,,
MT023.5,SPINDLE MOTOR ORING 65x2,GIOĂNG SPINDLE MOTOR  65x2,스핀들 모터 ORING 65x2,65x2mm,EA,THIẾT BỊ CƠ KHÍ,NEW,50,,
MT023.6,SPINDLE SHAFT ORING 20x2.6,GIOĂNG SPINDLE SHAFT  20x2.6,스핀들 SAFT ORING 20x2.6,20x2.6mm,EA,THIẾT BỊ CƠ KHÍ,NEW,50,,
MT023.7,SPINDLE SHAFT ORING 20x2.0,GIOĂNG SPINDLE SHAFT  20x2.0,스핀들 SAFT ORING 20x2.0,20x2.0mm,EA,THIẾT BỊ CƠ KHÍ,NEW,50,,
MT023.8,SPINDLE SHAFT ORING 27x2.7,GIOĂNG SPINDLE SHAFT  27x2.7,스핀들 SAFT ORING 27x2.7,27x2.7mm,EA,THIẾT BỊ CƠ KHÍ,NEW,50,,
MT024.1,[BEARING] CAM FOLOWER CF10,BI DẪN HƯỚNG CF10,[베어링] 캠포워 CF10,BEARING CF10,EA,BEARING,NEW,15,,
MT024.2,[BEARING] CAM FOLOWER CF12,BI DẪN HƯỚNG CF12,[베어링] 캠포워 CF12,BEARING CF12,EA,BEARING,NEW,15,,
MT024.3,[BEARING] CAM FOLOWER CF16,BI DẪN HƯỚNG CF16,[베어링] 캠포워 CF16,BEARING CF16,EA,BEARING,NEW,10,,
MT025,SPINDLE FAN,QUẠT SPINDLE,스핀들 팬,NBM PT4721-0220W-B30R-S21,EA,THIẾT BỊ LÀM MÁT,NEW,15,,
MT026.1,SPINDLE DRAWBAR ,DRAWBAR SPINDLE,스핀들 드로바 NEW,,EA,SPINDLE,NEW,5,,
MT026.2,SPINDLE SPRING,LÒ XO SPINDLE,스핀들 스프링 신제품,,EA,SPINDLE,NEW,10,,
MT026.3,SPINDLE COUPLINK ,COUPLINK SPINDLE,스핀들 커플링크 신규,,EA,SPINDLE,NEW,5,,
MT026.4,XY COUPLINK,COUPLINK XY,XY 커플링크,,EA,MOTOR,NEW,5,,
MT027,SPINDLE DRAWBAR (OLD),DRAWBAR SPINDLE CŨ,스핀들 견인바 이전 버전,,EA,SPINDLE,OLD,0,,
MT028,SPINDLE (REPAIR),SPINDLE SỬA CHỮA,스핀들 수리,A290-6102-T332#HM,EA,SPINDLE,REPAIR,5,,
MT029,SPINDLE MOTOR (REPAIR),SPINDLE MOTOR  SỬA CHỮA,스핀들 모터 수리,A06B-1420-B900#F621,EA,MOTOR,REPAIR,5,,
MT030,SHAFT SPINDLE,SHAFT SPINDLE,샤프트 스핀들,,EA,SPINDLE,NEW,5,,
MT031,OIL SKIMMER MOTOR (REPAIR),MOTOR OIL SKIMMER SỬA CHỮA,오일 스키머 모터(수리),KEM AC 220V,EA,MOTOR,REPAIR,20,,
MT032.1,DDR MAIN (OLD),MAIN DDR CŨ,DDR 메인(구형),A860-2162-V202,EA,DDR/DDRT,OLD,0,,
MT032.2,SENSOR HEAD 1 (OLD),SENSOR HEAD 1 CŨ,센서 헤드 1(구형),A860-2162-V013,EA,SENSOR,OLD,0,,
MT032.3,SENSOR HEAD 2 (OLD),SENSOR HEAD 2 CŨ,센서 헤드 2(구형),A860-2162-V002,EA,SENSOR,OLD,0,,
MT033,CNC STATUS LIGHTING (OLD),ĐÈN TRẠNG THÁI CŨ,CNC 상태 조명(구형),,EA,THIẾT BỊ ĐIỆN,OLD,0,,
MT034,DUNG DỊCH TẨY KEO ,DUNG DỊCH TẨY KEO,,3M08987,EA,KHÁC,NEW,0,,
MT035,BÌNH XỊT 3M5W,BÌNH XỊT 3M5W,,,EA,KHÁC,NEW,20,,
MT036,DDR-T BRAKE DISC,ĐĨA PHANH DDR-T,DDR-T 브레이크 디스크(신품),,EA,DDR/DDRT,NEW,10,,
MT037,DDR-T VALVE ,VAN ĐIỆN TỪ DDR-T,DDR-T 밸브(신규),4GB119R-00-E2-3,EA,DDR/DDRT,NEW,10,,
MT038.1,ORING FILTER COOLANT,GIOĂNG LỌC NƯỚC,ORING 필터 냉각수,90x4mm,EA,THIẾT BỊ CƠ KHÍ,NEW,15,,
MT038.2,COOLANT MOTOR GASKET,PHỚT MOTOR BƠM NƯỚC,냉각수 모터 가스켓(신품),,EA,THIẾT BỊ CƠ KHÍ,NEW,10,,
MT038.3,ORING DDR FOR COVER CABLE ,GIOĂNG  COVER DDR,커버 케이블용 ORING DDR(신제품),290-ZZ,EA,THIẾT BỊ CƠ KHÍ,NEW,10,,
MT038.4,ORING DDR-T 110MM,GIOĂNG DDR-T 110MM,ORING DDR-T 110MM(신품),110x3mm,EA,THIẾT BỊ CƠ KHÍ,NEW,20,,
MT038.5,ORING DDR-T 190MM,GIOĂNG DDR-T 190MM,ORING DDR-T 190MM(신품),190x5mm,EA,THIẾT BỊ CƠ KHÍ,NEW,20,,
MT038.6,ORING DDR-T 220MM,GIOĂNG DDR-T 220MM,ORING DDR-T 220MM(신품),220x5mm,EA,THIẾT BỊ CƠ KHÍ,NEW,20,,
MT039.1,BOLT FOR BALL SCREW X ,ỐC CHẶN VITME X,볼스크류 X용 볼트(신품),,EA,THIẾT BỊ CƠ KHÍ,NEW,2,,
MT039.2,Z LIMIST SWITCH,TẤM GIỚI HẠN  HÀNH TRÌNH Z,Z 리미스트 스위치(신품),,EA,THIẾT BỊ CƠ KHÍ,NEW,2,,
MT039.3,SPINDLE MOTOR GEAR,BÁNH RĂNG SPINDLE MOTOR,스핀들 모터 기어(신규),,EA,THIẾT BỊ CƠ KHÍ,NEW,2,,
MT039.4,DDR-T GEAR,BÁNH RĂNG TRỤC DDR-T,DDR-T 기어(신규),A97L-0001-0179#2-0.4X20,EA,THIẾT BỊ CƠ KHÍ,NEW,3,,
MT039.5,TURRET STEL BALL,BI MÂM DAO,터렛 스텔 볼,,EA,BEARING,NEW,32,,
MT039.6,TURRET BUSH,BẠC MÂM DAO,터렛 부시,,EA,THIẾT BỊ CƠ KHÍ,NEW,20,,
MT040,X COVER SPRING (OLD),LÒ XO COVER X CŨ,X 커버 스프링(구형),A290-6099-X087,EA,THIẾT BỊ CƠ KHÍ,OLD,0,,
MT041,X COVER SPRING,LÒ XO COVER X ,X 커버 스프링(신품),A290-6099-X087,EA,THIẾT BỊ CƠ KHÍ,NEW,30,,
MT042.1,68 OIL LINE,DÂY DẦU 68,68 오일 라인,,EA,THIẾT BỊ CƠ KHÍ,NEW,10,,
MT042.2,68 OIL LINE Ф6mm,DÂY DẦU 68  Ф6,68 오일 라인 Ф6mm,Ф6mm x L930mm,EA,THIẾT BỊ CƠ KHÍ,NEW,10,,
MT043,TOOL SENSOR,CẢM BIẾN DỤNG CỤ,공구 센서,,EA,THIẾT BỊ CƠ KHÍ,NEW,20,,
MT044,X COVER LEFT,COVER X TRÁI,X 표지 왼쪽,A290-6094-V002#X5L,EA,THIẾT BỊ CƠ KHÍ,NEW,5,,
MT045,X COVER RIGHT,COVER X PHẢI,X 표지 오른쪽,A290-6094-V001#X5R,EA,THIẾT BỊ CƠ KHÍ,NEW,5,,
MT046.1,STELL BALL 3.965,BI 3.965,스텔볼 3.965,3.965mm,EA,BEARING,NEW,1000,,
MT046.2,STELL BALL 3.970,BI  3.970,스텔볼 3.970,3.970mm,EA,BEARING,NEW,1000,,
MT046.3,STELL BALL 3.972,BI  3.972,스텔볼 3.972,3.972mm,EA,BEARING,NEW,1000,,
MT046.4,STELL BALL 3.975,BI  3.975,스텔볼 3.975,3.975mm,EA,BEARING,NEW,1000,,
MT046.5,STELL BALL 3.978,BI 3.978,스텔볼 3.978,3.978mm,EA,BEARING,NEW,1000,,
MT046.6,STELL BALL 3.98,BI  3.98,스텔볼 3.98,3.980mm,EA,BEARING,NEW,1000,,
MT047.1,RIGHT X COVER SHIELDING,GIẢM CHẤN X TRÁI,오른쪽 X 커버 차폐,A290-6099-V006#X57B,EA,THIẾT BỊ CƠ KHÍ,NEW,10,,
MT047.2,LEFT X COVER SHIELDING,GIẢM CHẤN X PHẢI,왼쪽 X 커버 쉴딩,A290-6099-V006#X57F,EA,THIẾT BỊ CƠ KHÍ,NEW,10,,
MT048,COVER X (OLD),COVER X CŨ,표지 X(구형),A290-6094-V001#X5R,EA,THIẾT BỊ CƠ KHÍ,OLD,0,,
MT049,Z LM GUIDE PLATE,TẤM DẪN HƯỚNG TRỤC Z ,Z LM 가이드 플레이트,,EA,THIẾT BỊ CƠ KHÍ,NEW,2,,
MT050,OIL PUMP MOTOR CNC_A (OLD),MOTOR BƠM DẦU CNC_A CŨ,오일펌프 모터 CNC_A,,EA,MOTOR,OLD,0,,
MT051.1,REAR COVER 68 OIL TANK (OLD),BÌNH DẦU 68 CŨ,후면 커버 68 오일 탱크,,EA,THIẾT BỊ CƠ KHÍ,OLD,0,,
MT051.2,REAR COVER 68 OIL TANK (OLD),BÌNH DẦU 68 CŨ,후면 커버 68 오일 탱크,,EA,THIẾT BỊ CƠ KHÍ,OLD,0,,
MT052.1,SENSOR PFI 125-8DN,CẢM BIẾN  PFI 125-8DN,센서 PFI 125-8DN,PFI 125-8DN,EA,SENSOR,NEW,2,,
MT052.2,SENSOR BRQ M5M-TDTA,CẢM BIẾN BRQ M5M-TDTA,센서 BRQ M5M-TDTA,BRQ M5M-TDTA,SET,SENSOR,NEW,2,,
MT052.3,RELAY 10R4 DCS24VC,RƠ LE 10R4 DCS24VC,릴레이 10R4 DCS24VC,10R4 DCS24VC,EA,THIẾT BỊ ĐIỆN,NEW,2,,
MT053,PULSE CODER NG,PULSE CODER NG,플러스 코더 NG,A860-2051-1322,EA,THIẾT BỊ ĐIỆN,NG,0,,
MT054.1,BULONG BALANCER M5x4,BULONG BALANCER M5x4,BULONG 밸런서 M5x4,M5x4,EA,THIẾT BỊ CƠ KHÍ,NEW,1000,,
MT054.2,BULONG BALANCER M5x5,BULONG BALANCER M5x5,불롱 밸런서 M5x5,M5x5,EA,THIẾT BỊ CƠ KHÍ,NEW,1000,,
MT054.3,BULONG BALANCER M5x6,BULONG BALANCER M5x6,BULONG 밸런서 M5x6,M5x6,EA,THIẾT BỊ CƠ KHÍ,NEW,1000,,
MT054.4,BULONG BALANCER M5x8,BULONG BALANCER M5x8,불롱 밸런서 M5x8,M5x8,EA,THIẾT BỊ CƠ KHÍ,NEW,1000,,
MT054.5,BULONG BALANCER M5x10,BULONG BALANCER M5x10,불롱 밸런서 M5x10,M5x10,EA,THIẾT BỊ CƠ KHÍ,NEW,1000,,
MT055.1,ĐAI ỐP VAN NƯỚC D21,ĐAI ỐP VAN NƯỚC D21,다이 반 녹크 D21,D21mm,EA,THIẾT BỊ CƠ KHÍ,NEW,20,,
MT055.2,BULONG VÍT M4x10,BULONG VÍT M4x10,BULONG  M4x10,M4x10mm,EA,THIẾT BỊ CƠ KHÍ,NEW,200,,
MT055.3,LONG ĐEN&ĐỆM VÊNH BULONG M6,LONG ĐEN&ĐỆM VÊNH BULONG M6,롱덴&덤베NH 불롱 M6,M6mm,EA,THIẾT BỊ CƠ KHÍ,NEW,100,,
MT055.4,CHÂN ĐẾ BẢNG NHỰA M4,CHÂN ĐẾ BẢNG NHỰA M4,찬 다 방M4,M4x20mm,EA,KHÁC,NEW,50,,
MT056.1,FITTING 68 OIL LINE M6x17,ĐẦU NỐI 68 OIL LINE M6x17,피팅 68 오일 라인 M6x17,M6x17mm,EA,THIẾT BỊ CƠ KHÍ,NEW,30,,
MT056.2,FITTING 68 OIL LINE M6x24,ĐẦU NỐI 68 OIL LINE M6x24,피팅 68 오일 라인 M6x24,M6x24mm,EA,THIẾT BỊ CƠ KHÍ,NEW,30,,
MT056.3,FITTING 68 OIL LINE M10x17,ĐẦU NỐI 68 OIL LINE M10x17,피팅 68 오일 라인 M10x17,M10x12mm,EA,THIẾT BỊ CƠ KHÍ,NEW,30,,
MT056.4,FITTING 68 OIL LINE M8x12,ĐẦU NỐI 68 OIL LINE M8x12,피팅 68 오일 라인 M8x12,M8x12mm,EA,THIẾT BỊ CƠ KHÍ,NEW,30,,
MT056.5,FITTING 68 LM GUIDE LxM6,ĐẦU NỐI 68 LM GUIDE LxM6,피팅 68 LM 가이드 LxM6,LxM6mm,EA,THIẾT BỊ CƠ KHÍ,NEW,30,,
MT056.6,VALVE 68 OIL 2 PORT,VAN CHIA DẦU 2 ĐẦU,밸브 68 오일 2 포트,2 PORT,EA,THIẾT BỊ CƠ KHÍ,NEW,5,,
MT056.7,VALVE 68 OIL 3 PORT,VAN CHIA DẦU 3 ĐẦU,밸브 68 오일 3 포트,3 PORT,EA,THIẾT BỊ CƠ KHÍ,NEW,5,,
MT056.8,VALVE 68 OIL 5 PORT,VAN CHIA DẦU 5 ĐẦU,밸브 68 오일 5 포트,5 PORT,EA,THIẾT BỊ CƠ KHÍ,NEW,5,,
MT057.1,BULONG M6x20,BULONG M6x20,불롱 M6x20,M6x20mm,EA,THIẾT BỊ CƠ KHÍ,NEW,500,,
MT057.2,BULONG M6x10,BULONG M6x10,불롱 M6x10,M6x10mm,EA,THIẾT BỊ CƠ KHÍ,NEW,500,,
MT058.1,BULONG M5x16,BULONG M5x16,불롱 M5x16,M5x16mm,EA,THIẾT BỊ CƠ KHÍ,NEW,500,,
MT058.2,BULONG M5x10,BULONG M5x10,불롱 M5x10,M5x10mm,EA,THIẾT BỊ CƠ KHÍ,NEW,500,,
MT058.3,BULONG M6x18,BULONG M6x18,불롱 M6x18,M6x18mm,EA,THIẾT BỊ CƠ KHÍ,NEW,500,,
MT058.4,BULONG ĐẦU BẰNG M6x10,BULONG ĐẦU BẰNG M6x10,,M6x10mm,EA,THIẾT BỊ CƠ KHÍ,NEW,500,,
MT059.1,ĐINH RÚT M3x42,ĐINH RÚT M3x42,딘 루트 M3x42,M3x42mm,EA,THIẾT BỊ CƠ KHÍ,NEW,500,,
MT059.2,ĐINH RÚT M4x45,ĐINH RÚT M4x45,딘 루트 M4x45,M4x45mm,EA,THIẾT BỊ CƠ KHÍ,NEW,500,,
MT060.1,VÍT TỰ KHOAN Inox 304 M4x32,VÍT TỰ KHOAN Inox 304 M4x32,이녹스 304 M4x32,Inox 304 Mx32mm,EA,THIẾT BỊ CƠ KHÍ,NEW,500,,
MT060.2,VÍT TỰ KHOAN Inox 304 M4x19,VÍT TỰ KHOAN Inox 304 M4x19,이녹스 304 M4x19,Inox 304 M4x19mm,KG,THIẾT BỊ CƠ KHÍ,NEW,500,,
MT060.3,VÍT TỰ KHOAN Inox 304 M4x13,VÍT TỰ KHOAN Inox 304 M4x13,이녹스 304 M4x13,Inox 304 M4x13mm,EA,THIẾT BỊ CƠ KHÍ,NEW,500,,
MT061.1,BULONG GRIP M8x43,BULONG GRIP M8x43,불롱 그립 M8x43,M8x25x43mm,SET,THIẾT BỊ CƠ KHÍ,NEW,500,,
MT061.2,BULONG GRIP M8x57,BULONG GRIP M8x57,불롱 그립 M8x57,M8x57mm,SET,THIẾT BỊ CƠ KHÍ,NEW,500,,
MT062,BULONG M8x65,BULONG M8x65,불롱 M8x65,M8x65mm,EA,THIẾT BỊ CƠ KHÍ,NEW,500,,
MT063.1,ĐAI ỐC KHỚP NỐI M6,ĐAI ỐC KHỚP NỐI M6,다이M6,M6mm,EA,THIẾT BỊ CƠ KHÍ,NEW,1000,,
MT063.2,ĐAI ỐC M8,ĐAI ỐC M8,다이M8,M8mm,EA,THIẾT BỊ CƠ KHÍ,NEW,100,,
MT063.3,ĐAI ỐC TAY VAN M6,ĐAI ỐC TAY VAN M6,다이옥따이반 M6,M6mm,EA,THIẾT BỊ CƠ KHÍ,NEW,100,,
MT063.4,ĐAI ỐC M5,ĐAI ỐC M5,다이M5,M5mm,EA,THIẾT BỊ CƠ KHÍ,NEW,500,,
MT064.1,BULONG M8x45,BULONG M8x45,불롱 M8x45,M8x45mm,EA,THIẾT BỊ CƠ KHÍ,NEW,100,,
MT064.2,BULONG M10x43,BULONG M10x43,불롱 M10x43,M10x43mm,EA,THIẾT BỊ CƠ KHÍ,NEW,100,,
MT064.3,NỞ SẮT M12x85,NỞ SẮT M12x85,,M12x85mm,EA,THIẾT BỊ CƠ KHÍ,NEW,50,,
MT064.4,NỞ SẮT M10x55,NỞ SẮT M10x55,,M10x55 mm,EA,THIẾT BỊ CƠ KHÍ,NEW,50,,
MT065,NÚT CHÈN CHẤN ĐẾ,NÚT CHÈN CHẤN ĐẾ,,,EA,THIẾT BỊ CƠ KHÍ,NEW,50,,
MT066,BULONG M6x30,BULONG M6x30,불롱 M6x30,M6x30mm,EA,THIẾT BỊ CƠ KHÍ,NEW,200,,
MT067.1,SUPPORT AIR POWER V2x60x40,ĐẾ GIỮ CHẠC BA KHÍ TỔNG V2x60x40,지원 공기력 V2x60x40,V2x60x40mm,EA,THIẾT BỊ CƠ KHÍ,NEW,50,,
MT067.2,LONG ĐEN D15,LONG ĐEN D15,롱덴 D15,D15mm,EA,THIẾT BỊ CƠ KHÍ,NEW,100,,
MT068,KẸP ỐNG D21,KẸP ỐNG D21,,D21mm,EA,THIẾT BỊ CƠ KHÍ,NEW,200,,
MT069.1,[BEARING] MIST CLEANER JUF 6202,VÒNG BI MIST JUF 6202,[베어링] 미스트 클리너 JUF 6202,JUF 6202,EA,BEARING,NEW,20,,
MT069.2,[BEARING] MIST CLEANER JUF 6204,VÒNG BI MIST JUF 6204,[베어링] 미스트클리너 JUF 6204,JUF 6204,EA,BEARING,NEW,20,,
MT070.1,[BEARING] COOLANT MOTOR KBC 6203,VÒNG BI MOTOR BƠM NƯỚC KBC 6203,[베어링] 쿨런트 모터 KBC 6203,KBC 6203,EA,BEARING,NEW,20,,
MT070.2,[BEARING] COOLANT MOTOR KBC 6306,VÒNG BI MOTOR BƠM NƯỚC KBC 6306,[베어링] 쿨런트 모터 KBC 6306,KBC 6306,EA,BEARING,NEW,20,,
MT071.1,[BEARING] BELT CONVEYOR SKF 6904,VÒNG BI  SKF 6904,[베어링] 벨트컨베이어 SKF 6904,SKF 6904,EA,BEARING,NEW,3,,
MT071.2,[BEARING] BELT CONVEYOR KBC 6309,VÒNG BI  KBC 6309,[베어링] 벨트컨베이어 KBC 6309,KBC 6309,EA,BEARING,NEW,3,,
MT071.3,[BEARING] KDID 6210,VÒNG BI KDID 6210,[베어링] KDID 6210,KDID 6210,EA,BEARING,NEW,3,,
MT072,FAN COOLANT MOTOR,CÁNH QUẠT MOTOR BƠM NƯỚC,팬 냉각수 모터,,EA,THIẾT BỊ LÀM MÁT,NEW,20,,
MT073,COOLANT LINE,DÂY DẪN DẦU,냉각수 라인,,EA,THIẾT BỊ CƠ KHÍ,NEW,10,,
MT074.1,ORING 33x3.8,GIOĂNG CAO SU 33x3.8,오링 33x3.8,33x3.8mm,EA,THIẾT BỊ CƠ KHÍ,NEW,100,,
MT074.2,ORING 34x3.8,GIOĂNG CAO SU 34x3.8,오링 34x3.8,34x3.8mm,EA,THIẾT BỊ CƠ KHÍ,NEW,100,,
MT074.3,ORING USH-35,GIOĂNG CAO SU USH-35,오링 USH-35,USH-35,EA,THIẾT BỊ CƠ KHÍ,NEW,100,,
MT074.4,ORING 8x1.8,GIOĂNG CAO SU 8x1.8,오링 8x1.8,8x1.8mm,EA,THIẾT BỊ CƠ KHÍ,NEW,100,,
MT074.5,ORING 10x1.8,GIOĂNG CAO SU 10x1.8,오링 10x1.8,10x1.8mm,EA,THIẾT BỊ CƠ KHÍ,NEW,100,,
MT074.6,ORING 3.5x1.5,GIOĂNG CAO SU 3.5x1.5,오링 3.5x1.5,3.5x1.5mm,EA,THIẾT BỊ CƠ KHÍ,NEW,100,,
MT074.7,ORING 8.4x1.8,GIOĂNG CAO SU 8.4x1.8,오링 8.4x1.8,8.4x1.8mm,EA,THIẾT BỊ CƠ KHÍ,NEW,100,,
MT074.8,KIT COOLANT VALE,PHỤ KIỆN VAN NƯỚC,키트 냉각수 베일,SAB-20A-0-S-KIT,SET,THIẾT BỊ CƠ KHÍ,NEW,10,,
MT075,BELT OIL SKIMMER,DÂY CUROA OILSKIMMER,벨트 오일 스키머(신품),PU 345-L-25mm,EA,THIẾT BỊ CƠ KHÍ,NEW,15,,
MT076,OPEN/CLOSE,BIỂN ĐÓNG MỞ,열기/닫기,,EA,KHÁC,NEW,50,,
MT077,COOLANT VALVE,VAN NƯỚC,냉각수 밸브,CKD SAB1W20A-0,EA,THIẾT BỊ CƠ KHÍ,NEW,10,,
MT078,COOLANT VALVE (OLD),VAN NƯỚC CŨ,냉각수 밸브(구형),CKD SAB1W20A-0,EA,THIẾT BỊ CƠ KHÍ,OLD,0,,
MT079.1,BALL VALVE DN20,VAN NƯỚC THÀNH MÁY DN20,볼 밸브 DN20,DN20,EA,THIẾT BỊ CƠ KHÍ,NEW,10,,
MT079.2,VALVE HAND,TAY ĐÓNG MỞ VAN NƯỚC,밸브 핸드,,EA,THIẾT BỊ CƠ KHÍ,NEW,10,,
MT079.3,VALVE HAND (OLD),TAY ĐÓNG MỞ VAN NƯỚC  CŨ,밸브 핸드가 오래됨,,EA,THIẾT BỊ CƠ KHÍ,OLD,0,,
MT080.1,XY SERVO MOTOR,MOTOR TRỤC XY MỚI,XY 서보 모터,,EA,MOTOR,NEW,2,,
MT080.2,XY SERVO MOTOR (REPAIR),MOTOR TRỤC XY SỬA CHỮA,XY 서보 모터(수리),,EA,MOTOR,REPAIR,5,,
MT081,COOLANT LINE (OLD),DÂY DẪN DẦU CŨ,냉각수 라인(구),,EA,THIẾT BỊ CƠ KHÍ,OLD,0,,
MT082,COOLANT MOTOR (REPAIR),MOTOR BƠM NƯỚC SỬA CHỮA,냉각수 모터(수리),,EA,MOTOR,REPAIR,5,,
MT083,GÓC CHẾCH PVC,GÓC CHẾCH PVC,,,EA,THIẾT BỊ CƠ KHÍ,NEW,10,,
MT084,CÔN THU PVC 110x90,CÔN THU PVC 110x90,춘목 PVC 110x90,PVC 110x90mm,EA,THIẾT BỊ CƠ KHÍ,NEW,10,,
MT085,ELBOW MIST CLEANER,CUT NỐI MIST CLEANER,엘보우 미스트 클리너,,EA,THIẾT BỊ CƠ KHÍ,NEW,5,,
MT086,MIST CLEANER FAN,QUẠT MIST CLEANER,미스트 클리너 팬,,EA,THIỆT BỊ LÀM MÁT,NEW,5,,
MT087,LINH KIỆN MIST CLEANER MOTOR,LINH KIỆN MIST CLEANER MOTOR,미스트 클리너 모터,,SET,THIẾT BỊ CƠ KHÍ,NEW,10,,
MT088,ORING MIST CLEANER,GIOĂNG MIST CLEANER,오링 미스트 클리너,,EA,THIẾT BỊ CƠ KHÍ,NEW,10,,
MT089,ỐNG MỀM D12x2.5,ỐNG MỀM D12x2.5,,,M,KHÁC,NEW,10,,
MT090,KEO SILICOL,KEO SILICOL,케오실리콜,A500,EA,KHÁC,NEW,20,,
MT091.1,PHỤ KIỆN TAY DAO,PHỤ KIỆN TAY DAO,포 끼엔 따이 다오,,EA,THIẾT BỊ CƠ KHÍ,NEW,10,,
MT091.2,CÁ GRIP(GIA CÔNG),CÁ GRIP(GIA CÔNG),까 그립,,EA,THIẾT BỊ CƠ KHÍ,NEW,20,,
MT092,Z COVER (BẠT Z),BẠT TRỤC Z,Z COVER ,,EA,KHÁC,NEW,20,,
MT093,CON LĂN Z,CON LĂN Z,콘 린 Z,,EA,THIẾT BỊ CƠ KHÍ,NEW,10,,
MT094,CON LĂN Z(OLD),CON LĂN Z CŨ,콘 린 Z,,EA,THIẾT BỊ CƠ KHÍ,OLD,0,,
MT095.1,TURRET SPRING,LÒ XO MÂM DAO,터렛 스프링 (구형),,EA,THIẾT BỊ CƠ KHÍ,NEW,5,,
MT095.2,TURRET SPRING (OLD),LÒ XO MÂM DAO CŨ,터렛 스프링(구형),,EA,THIẾT BỊ CƠ KHÍ,OLD,0,,
MT096,TOOL GRIP,TAY KẸP DAO,도구 그립,A290-6079-V412#MAS,EA,THIẾT BỊ CƠ KHÍ,NEW,5,,
MT097,TOOL GRIP (OLD),TAY KẸP DAO CŨ,도구 그립이 오래됨,A290-6079-V412#MAS,EA,THIẾT BỊ CƠ KHÍ,OLD,0,,
MT098.1,ĐÁ MÀI XẾP,ĐÁ MÀI XẾP,다무이세프,100*16,EA,KHÁC,NEW,20,,
MT098.2,ĐÁ CẮT,ĐÁ CẮT,다캇,100*6*16,EA,KHÁC,NEW,20,,
MT098.3,ĐÁ TU RUA,ĐÁ TU RUA,다 투 루아,,EA,KHÁC,NEW,20,,
MT098.4,ĐÁ MÀI,ĐÁ MÀI,다무이,D100 *6*16,EA,KHÁC,NEW,20,,
MT099,MIST CLEANER MOTOR (REPAIR),MIST CLEANER MOTOR SỬA CHỮA,미스트 클리너 모터(수리),,EA,MIST CLEANER,REPAIR,5,,
MT100,MIST CLEANER MOTOR,MIST CLEANER MOTOR,미스트 클리너 모터,,EA,MIST CLEANER,NEW,5,,
MT101,VAN ĐỒNG (OLD),VAN ĐỒNG CŨ,반동,,EA,THIẾT BỊ CƠ KHÍ,OLD,0,,
MT102,ĐÁ MÀI BÀN MÁY,ĐÁ MÀI BÀN MÁY,다 마이 반 마이,200*50*25,EA,KHÁC,NEW,10,,
MT103,QUE GẠT SILICOL,QUE GẠT SILICOL,케갓 실리콘,,EA,KHÁC,NEW,10,,
MT104,MÁY HÀN THIẾC (OLD),MÁY HÀN THIẾC CŨ,마이한티크,,EA,THIẾT BỊ ĐIỆN,OLD,1,,
MT105,BÌNH XỊT VÀNG,BÌNH XỊT VÀNG,,,EA,KHÁC,NEW,5,,
MT106,GIOĂNG VAN ĐIỆN TỪ (OLD),GIOĂNG VAN ĐIỆN TỪ (OLD),,,EA,THIẾT BỊ CƠ KHÍ,NEW,50,,
MT107,GIOĂNG COVER,GIOĂNG COVER,지오옹 커버,1.5mm x 2m,M,THIẾT BỊ CƠ KHÍ,NEW,,,
MT108,BÚA CAO SU,BÚA CAO SU,부아 까오 수,,EA,KHÁC,NEW,10,,
MT109.1,COVER OMI,COVER OMI,커버오미,,EA,THIẾT BỊ ĐIỆN,NEW,1,,
MT109.2,OMI-2 (REPAIR),OMI-2 SỬA CHỮA,OMI-2(수리),OMI-2,EA,THIẾT BỊ ĐIỆN,REPAIR,0,,
MT110,DAO CẠO SƠN,DAO CẠO SƠN,DAO 까오손,,EA,KHÁC,NEW,10,,
MT111,DAO ĐẨY SƠN,DAO ĐẨY SƠN,다오 다이 손,,EA,KHÁC,NEW,10,,
MT112.1,MÓC SÚNG KHÍ,MÓC SÚNG KHÍ,,,EA,KHÁC,NEW,20,,
MT112.2,KEO DÁN,KEO DÁN,케오 단,,EA,KHÁC,NEW,20,,
MT113.1,BA LĂNG XÍCH (OLD),BA LĂNG XÍCH CŨ,,,EA,KHÁC,OLD,1,,
MT113.2,CÁP VẢI (OLD),CÁP VẢI CŨ,,,EA,KHÁC,OLD,1,,
MT114,BẠT PM (OLD),BẠT PM CŨ,,,EA,KHÁC,OLD,10,,
MT115,AIR FINN,LỌC KHÍ TỔNG,반세 OP,AF02,EA,AIR PRESSURE SYSTEM,NEW,10,,
MT116,ĐẾ ĐÈN LED TRONG MÁY (OLD),ĐẾ ĐÈN LED TRONG MÁY CŨ,다덴 LED ,,EA,THIẾT BỊ ĐIỆN,OLD,0,,
MT117,ĐÈN LED (OLD),ĐÈN LED CŨ,던 LED OLD,,EA,THIẾT BỊ ĐIỆN,OLD,0,,
MT118,ĐÈN TRẠNG THÁI,ĐÈN TRẠNG THÁI ,,,EA,THIẾT BỊ ĐIỆN,NEW,10,,
MT119,ĐÈN LED TRONG MÁY,ĐÈN LED TRONG MÁY,,,EA,THIẾT BỊ ĐIỆN,NEW,10,,
MT120,Ổ CẮM TRUNG GIAN CÓ LẮP,Ổ CẮM TRUNG GIAN CÓ LẮP,,,EA,THIẾT BỊ ĐIỆN,NEW,5,,
MT121.1,NÚT DỪNG KHẨN CẤP,NÚT DỪNG KHẨN CẤP,,,EA,THIẾT BỊ ĐIỆN,NEW,5,,
MT121.2,LIMIST SWITCH MÁY ÉP CHIP (HY-M908),CÔNG TẮC HÀNH TRÌNH MÁY ÉP CHIP (HY-M908),리미스트 스위치 칩(HY-M908),,EA,THIẾT BỊ ĐIỆN,NEW,1,,
MT121.3,LIMIST SWITCH MÁY CNC(DN-1B22),CÔNG TẮC HÀNH TRÌNH MÁY CNC(DN-1B22),리미스트 스위치 (DN-1B22),D4N- 1B22,EA,THIẾT BỊ ĐIỆN,NEW,5,,
MT121.4,NÚT START MÁY THAY TOOL,NÚT START MÁY THAY TOOL,,,EA,THIẾT BỊ ĐIỆN,NEW,5,,
MT121.5,NÚT STOP MÁY THAY TOOL,NÚT STOP MÁY THAY TOOL,,,EA,THIẾT BỊ ĐIỆN,NEW,5,,
MT122.1,BÓNG ĐÈN NÚT ẤN(ĐÙI CÀI),BÓNG ĐÈN NÚT ẤN(ĐÙI CÀI),,24vDC; 3-5W,EA,THIẾT BỊ ĐIỆN,NEW,500,,
MT122.2,BÓNG ĐÈN NÚT ẤN(ĐÙI XOÁY),BÓNG ĐÈN NÚT ẤN(ĐÙI XOÁY),,24vDC; 3-5W,EA,THIẾT BỊ ĐIỆN,NEW,500,,
MT123.1,LOCK DOOR SWITCH,CHỐT KHÓA CỬA,잠금 도어 스위치,,EA,KHÁC,NEW,15,,
MT123.2,[BEARING] LOWER DOOR,BI CỬA DƯỚI,[베어링] 하부 도어,A98L-0005-0368#001,EA,BEARING,NEW,10,,
MT123.3,[BEARING] UPER DOOR,BI CỬA TRÊN,[베어링] 상부 도어,A98L-0005-0368#002,EA,BEARING,NEW,20,,
MT123.4,COOLANT MOTOR SEAL,PHỚT ĐÁ MOTOR BƠM NƯỚC,냉각수 모터 씰,KT 20*38mm,EA,THIẾT BỊ CƠ KHÍ,NEW,10,,
MT124,FEED HOLD,NÚT DỪNG TẠM THỜI,피드 보류,HAMYONG NUX MRX-RM1D0G,EA,THIẾT BỊ ĐIỆN,NEW,20,,
MT125,START BUTTON,NÚT BẤM START,시작 버튼,HAMYONG NUX MRX-RM1D0G,EA,THIẾT BỊ ĐIỆN,NEW,30,,
MT126,BUTTON JIG RED,NÚT BẤM JIG ĐỎ,버튼 지그 레드,HAMYONG NUX CRX-G30MDG,EA,THIẾT BỊ ĐIỆN,NEW,20,,
MT127,BUTTON JIG GREEN,NÚT BẤM JIG XANH,버튼 지그 그린,HAMYONG NUX CRX-G30MDG,EA,THIẾT BỊ ĐIỆN,NEW,20,,
MT128.1,PLUSE CODER NEW,PLUSE CODER MỚI,플러스 코더 NEW,A860-2051-T321,EA,THIẾT BỊ ĐIỆN,NEW,3,,
MT128.2,PLUSE CODER(SC) (REPAIR),PLUSE CODER(SC) SỬA CHỮA,플러스 코더(SC),A860-2051-T321,EA,THIẾT BỊ ĐIỆN,REPAIR,2,,
MT128.3,PCB MAIN 24V (SC) (REPAIR),PCB MAIN 24V (SC) SỬA CHỮA,PCB 메인 24V(SC),,EA,PCB,REPAIR,1,,
MT128.4,BỘ NGUỒN 24V S8FS,BỘ NGUỒN 24V S8FS ,,,EA,THIẾT BỊ ĐIỆN,NEW,1,,
MT129,CONTACTOR MC-22B,KHỞI ĐỘNG TỪ MC-22B,접촉기 MC-22B,,EA,THIẾT BỊ ĐIỆN,NEW,15,,
MT130,RELAY MT-32,RƠ LE NHIỆT  MT-32,릴레이 MT-32,,EA,THIẾT BỊ ĐIỆN,NEW,5,,
MT131.1,RELAY MT-12,RƠ LE NHIỆT MT-12,릴레이 MT-12,,EA,THIẾT BỊ ĐIỆN,NEW,5,,
MT131.2,BUTTON HAND,TAY ĐIỀU KHIỂN TRỤC XYZA,버튼 핸드,A860-0203-T001,EA,THIẾT BỊ ĐIỆN,NEW,5,,
MT131.3,APTOMAT NGUỒN 50A,APTOMAT NGUỒN 50A,,50A,EA,THIẾT BỊ ĐIỆN,NEW,5,,
MT131.4,SWICHT BUTTON BLAKE (ĐÓNG MỞ AT),TAY ĐÓNG MỞ APTOMAT,SWICHT BUTTON BLAKE (동미 AT),,EA,THIẾT BỊ ĐIỆN,NEW,2,,
MT132.1,CNC FUSE 2.0A,CẦU CHÌ 2.0A,CNC 퓨즈 2.0A,2.0A,EA,THIẾT BỊ ĐIỆN,NEW,100,,
MT132.2,CNC FUSE 3.2A,CẦU CHÌ 3.2A,CNC 퓨즈 3.2A,3.2A,EA,THIẾT BỊ ĐIỆN,NEW,100,,
MT132.3,CNC FUSE 5.0A,CẦU CHÌ 5.0A,CNC 퓨즈 5.0A,5.0A,EA,THIẾT BỊ ĐIỆN,NEW,100,,
MT132.4,CNC PUSE GP50 5A,CẦU CHÌ GP50 5A,CNC 푸시 GP50 5A,GP50 5A,EA,THIẾT BỊ ĐIỆN,NEW,100,,
MT133,CNC FUSE,CẦU CHÌ,CNC 퓨즈,,EA,THIẾT BỊ ĐIỆN,NEW,100,,
MT134,MEMORY CARD SLOT,KHE CẮM THẺ NHỚ,메모리 카드 슬롯,,EA,KHÁC,NEW,100,,
MT135,QUẠT LÀM MÁT YWF2E,QUẠT LÀM MÁT YWF2E,,,EA,THIẾT BỊ LÀM MÁT,NEW,100,,
MT136,TUBO CABLE,ỐNG LỒNG CÁP,투보 케이블,,M,THIẾT BỊ CƠ KHÍ,NEW,100,,
MT137,ỐNG GEM CO NHIỆT D8,ỐNG GEM CO NHIỆT D8,,D8mm,M,THIẾT BỊ CƠ KHÍ,NEW,100,,
MT138,ỐNG GEN CO NHIỆT D5,ỐNG GEN CO NHIỆT D5,,D5mm,M,THIẾT BỊ CƠ KHÍ,NEW,100,,
MT139,DÂY ĐIỆN TRUNG GIAN KÉO DÀI,DÂY ĐIỆN TRUNG GIAN KÉO DÀI,,,EA,THIẾT BỊ ĐIỆN,NEW,2,,
MT140,DÂY ĐIỆN TRUNG GIAN LIOA (OLD),DÂY ĐIỆN TRUNG GIAN LIOA (OLD),,,EA,THIẾT BỊ ĐIỆN,NEW,0,,
MT141.1,ĐẦU COS ĐIỆN Y XANH,ĐẦU COS ĐIỆN Y XANH,다우 코스 디엔 이,,EA,THIẾT BỊ ĐIỆN,NEW,100,,
MT141.2,ĐẦU COS ĐIỆN Y ĐỎ,ĐẦU COS ĐIỆN Y ĐỎ,다우 코스 디우엔 이 다,,EA,THIẾT BỊ ĐIỆN,NEW,100,,
MT141.3,ĐẦU COS ĐIỆN Y VÀNG,ĐẦU COS ĐIỆN Y VÀNG,,,EA,THIẾT BỊ ĐIỆN,NEW,100,,
MT141.4,COS NHÔM,COS NHÔM,,,EA,THIẾT BỊ CƠ KHÍ,NEW,100,,
MT141.5,COS CHỤP,COS CHỤP,,,EA,THIẾT BỊ CƠ KHÍ,NEW,100,,
MT141.6,COS TRÒN,COS TRÒN,코스 트론,,EA,THIẾT BỊ CƠ KHÍ,NEW,100,,
MT142,DÂY ĐIỆN VALVE AIR BLOW,DÂY ĐIỆN VAN AIR BLOW,데이 디엔 밸브 에어 블로우,,EA,THIẾT BỊ ĐIỆN,NEW,100,,
MT143,DDR PULSE CODER CABLE,CÁP TÍN HIỆU TRỤC DDR,DDR 플러스 코더 케이블,A04B-0099-H181#STD,EA,DDR/ DDRT,NEW,10,,
MT144,DDR POWER CABLE,CÁP NGUỒN TRỤC DDR,DDR 전원 케이블,,EA,DDR/ DDRT,NEW,10,,
MT145,MÁY HÀN SẮT(OLD),MÁY HÀN SẮT CŨ,,,EA,THIẾT BỊ CƠ KHÍ,OLD,1,,
MT146,DDR BRANK CABLE,CÁP PHANH TRỤC DDR,DDR 브랭크 케이블,,EA,DDR/ DDRT,NEW,10,,
MT147,XY PLUSE CODER CABLE,CÁP TÍN HIỆU TRỤC XY,XY 플러스 코더 케이블,A660-2005-T651#1CS-XPC,EA,THIẾT BỊ ĐIỆN,NEW,10,,
MT148,XY POWER CABLE,CÁP NGUỒN TRỤC XY,XY 전원 케이블,A660-8019-T362#ICS-XMO,EA,THIẾT BỊ ĐIỆN,NEW,10,,
MT149,SẠC PIN (OLD),SẠC PIN CŨ,,,EA,THIẾT BỊ ĐIỆN,OLD,0,,
MT150.1,DÂY TÍN HIỆU VAN ĐIỆN TỪ,DÂY TÍN HIỆU VAN ĐIỆN TỪ,,DÂY DÀI,EA,THIẾT BỊ ĐIỆN,NEW,100,,
MT150.2,DÂY TÍN HIỆU VAN ĐIỆN TỪ,DÂY TÍN HIỆU VAN ĐIỆN TỪ,,DÂY NGẮN,EA,THIẾT BỊ ĐIỆN,NEW,0,,
MT151,DÂY ĐIỆN 0.22,DÂY ĐIỆN 0.22,데이디엔 0.22,0.22,M,THIẾT BỊ ĐIỆN,NEW,10,,
MT152,DÂY ĐIỆN,DÂY ĐIỆN,데이 디엔,4X2.5,M,THIẾT BỊ CƠ KHÍ,NEW,10,,
MT153,ĐAI XIẾT SẮT,ĐAI XIẾT SẮT,다이 시셩 싯,19-39 MM,EA,THIẾT BỊ CƠ KHÍ,NEW,20,,
MT154,CNC LIGHTING COVER (OLD),COVER ĐÈN TRẠNG THÁI GIA CÔNG CŨ,CNC 조명 커버,,EA,THIẾT BỊ CƠ KHÍ,OLD,0,,
MT155,STATUS LIGHTING FOR OIL PUMP SYSTEM,ĐÈN TRẠNG THÁI PHÒNG PHA DẦU,오일 펌프 시스템의 상태 조명,TPTL5-7,EA,THIẾT BỊ CƠ KHÍ,NEW,1,,
MT156,NHÁM CỦA MÁY TRÀ NỀN,NHÁM CỦA MÁY TRÀ NỀN,,5/16'' X 24,EA,KHÁC,NEW,5,,
MT157,PIN LR20,PIN NGUỒN LR20,핀 LR20,LR20,EA,THIẾT BỊ ĐIỆN,NEW,50,,
MT158,PIN SẠC LR20,PIN SẠC LR20,,LR20 1.5V,EA,THIẾT BỊ ĐIỆN,NEW,0,,
MT159,AIR GUN ( SÚNG KHÍ),SÚNG KHÍ,공기총,02LP,EA,THIẾT BỊ CƠ KHÍ,NEW,20,,
MT160,DÂY ĐIỆN TRUNG GIAN KÉO DÀI (OLD),DÂY ĐIỆN TRUNG GIAN KÉO DÀI CŨ,,25M,EA,THIẾT BỊ ĐIỆN,OLD,1,,
MT161.1,MÁY KHOAN (OLD),MÁY KHOAN CŨ,메이 코안,,EA,THIẾT BỊ CƠ KHÍ,OLD,1,,
MT161.2,MÁY CẮT CẦM TAY (OLD),MÁY CẮT CẦM TAY CŨ,,,EA,THIẾT BỊ CƠ KHÍ,OLD,1,,
MT161.3,MÁY BẮN VÍT (OLD),MÁY BẮN VÍT CŨ,마이 반 보트,,EA,THIẾT BỊ CƠ KHÍ,OLD,1,,
MT161.4,MÁY BẮN ĐINH RÚT (OLD),MÁY BẮN ĐINH RÚT CŨ,마이 반 딘 루트,,EA,THIẾT BỊ CƠ KHÍ,OLD,1,,
MT162.1,MÁY BALANCER(OLD),MÁY BALANCER CŨ,메이 밸런서(구형),SB7706,EA,THIẾT BỊ ĐO,OLD,1,,
MT162.2,MÁY ĐO ĐỘ RUNG (OLD),MÁY ĐO ĐỘ RUNG CŨ,마이도도렁,1332B,EA,THIẾT BỊ ĐO,OLD,1,,
MT162.3,MÁY ĐO LỰC KẸP (OLD),MÁY ĐO LỰC KẸP CŨ,메이 도 릭 캅,DFA-1,EA,THIẾT BỊ ĐO,OLD,1,,
MT163.1,MÁY ĐO ĐỘ RUNG (OLD),MÁY ĐO ĐỘ RUNG CŨ,메이도도렁(구),VM4424S,EA,THIẾT BỊ ĐO,OLD,0,,
MT163.2,TEST BAR (OLD),TEST BAR CŨ,테스트 바,Ø28 X L220CM,EA,THIẾT BỊ ĐO,OLD,2,,
MT163.3,MÁY ĐO LỰC KẸP (OLD),MÁY ĐO LỰC KẸP CŨ,메이 도 릭 캅,,EA,THIẾT BỊ ĐO,OLD,1,,
MT164,MÁY MÀI HƠI (OLD),MÁY MÀI HƠI CŨ,마이 무이 호이,MG-40,EA,THIẾT BỊ CƠ KHÍ,OLD,5,,
MT165,MÁY CHÀ NỀN CẦM TAY(ĐÁNH SÀN) (OLD),MÁY CHÀ NỀN CẦM TAY(ĐÁNH SÀN) CŨ,,,EA,KHÁC,OLD,5,,
MT166,DÂY KHÍ CHÀ NỀN (OLD),DÂY KHÍ CHÀ NỀN CŨ,,,CUỘN,KHÁC,OLD,5,,
MT167,QUE HÀN,QUE HÀN,케한,Ø3.2,HỘP,KHÁC,NEW,1,,
MT168,DDR MOTOR (NG),DDR MOTOR (NG),DDR 모터(NG),,SET,DDR/ DDRT,OLD,0,,
MT169,NẮP BỊT VAN ĐIỆN TỪ (OLD),NẮP BỊT VAN ĐIỆN TỪ CŨ,,SY7000,EA,THIẾT BỊ CƠ KHÍ,OLD,0,,
MT170,CÂN ĐIỆN TỬ (OLD),CÂN ĐIỆN TỬ CŨ,깐디엔뜨,3000 KG,EA,THIẾT BỊ ĐO,OLD,0,,
MT171.1,VAN ĐIỆN TỪ ÉP CHIP A220-50 (OLD),VAN ĐIỆN TỪ ÉP CHIP A220-50 CŨ,반디엔뜨에프 칩 A220-50,DSG-03-3C4-A220-50,EA,THIẾT BỊ ĐIỆN,OLD,0,,
MT171.2,VAN ĐIỆN TỪ ÉP CHIP A200-60 (OLD),VAN ĐIỆN TỪ ÉP CHIP A200-60 CŨ,,DSHG-03-3C2-E-A200-60,EA,THIẾT BỊ ĐIỆN,OLD,0,,
MT171.3,VAN ĐIỆN TỪ ÉP CHIP A220-46 (OLD),VAN ĐIỆN TỪ ÉP CHIP A220-46 CŨ,,DSHG-06-2B2B-A220-46,EA,THIẾT BỊ ĐIỆN,OLD,0,,
MT172,XY LANH DỒN CHIP (OLD),XY LANH DỒN CHIP CŨ,XY 란 던 칩,KP140HC-SD63B-B250AC,EA,THIẾT BỊ CƠ KHÍ,OLD,0,,
MT173.1,HỘP MIKA ĐỰNG HỒ SƠ A4,HỘP MIKA ĐỰNG HỒ SƠ A4,,A4,EA,KHÁC,NEW,5,,
MT173.2,HỘP MIKA ĐỰNG HỒ SƠ A3,HỘP MIKA ĐỰNG HỒ SƠ A3,,A3,EA,KHÁC,NEW,5,,
MT174.1,KHAY HỨNG DẦU 68,KHAY HỨNG DẦU 68,,,EA,KHÁC,NEW,3,,
MT174.2,NẮP BỊT KHAY HỨNG DẦU 68,NẮP BỊT KHAY HỨNG DẦU 68,,,EA,KHÁC,NEW,3,,
MT175.1,CẢNH BÁO VẤP NGÃ,CẢNH BÁO VẤP NGÃ,,,EA,KHÁC,NEW,200,,
MT175.2,CẢNH BÁO ĐIỆN GIẬT OIL SKIMMER CNC,CẢNH BÁO ĐIỆN GIẬT OIL SKIMMER CNC, 오일 스키머 CNC,,EA,KHÁC,NEW,200,,
MT175.3,CẢNH BÁO ĐIỆN GIẬT BƠM NƯỚC CNC,CẢNH BÁO ĐIỆN GIẬT BƠM NƯỚC CNC,,,EA,KHÁC,NEW,200,,
MT175.4,CẢNH BÁO KẸP TAY NẮP TANK DẦU CNC,CẢNH BÁO KẸP TAY NẮP TANK DẦU CNC,,,EA,KHÁC,NEW,200,,
MT175.5,CẢNH BÁO ĐIỆN GIẬT TỦ ĐIỆN CNC,CẢNH BÁO ĐIỆN GIẬT TỦ ĐIỆN CNC,,,EA,KHÁC,NEW,200,,
MT175.6,CẢNH BÁO CHÁT THẢI NGUY HẠI,CẢNH BÁO CHÁT THẢI NGUY HẠI,,,EA,KHÁC,NEW,200,,
MT176,CẦU ĐẤU MISCLEANER,CẦU ĐẤU MISCLEANER,,220V-20A,EA,THIẾT BỊ ĐIỆN,NEW,10,,
MT177.1,CHONG CHÓNG XANH DƯƠNG,CHONG CHÓNG XANH DƯƠNG,총충산산도응,,EA,KHÁC,NEW,20,,
MT177.2,CHONG CHÓNG XANH LÁ CÂY,CHONG CHÓNG XANH LÁ CÂY,,,EA,KHÁC,NEW,20,,
MT178.1,TEM DÁN OIL SKIMMER,TEM DÁN OIL SKIMMER,템단 오일 스키머,,EA,KHÁC,NEW,200,,
MT178.2,CẢNH BÁO MẶT TANK DẦU,CẢNH BÁO MẶT TANK DẦU,,,EA,KHÁC,NEW,200,,
MT178.3,CHỈ DẪN TANK DẦU 68,CHỈ DẪN TANK DẦU 68,,,EA,KHÁC,NEW,200,,
MT178.4,CẢNH BÁO KHÔNG LẠI GẦN MÁY CNC,CẢNH BÁO KHÔNG LẠI GẦN MÁY CNC,,,EA,KHÁC,NEW,200,,
MT178.5,CẢNH BÁO CHẤT KÍCH ỨNG,CẢNH BÁO CHẤT KÍCH ỨNG,,,EA,KHÁC,NEW,200,,
MT178.6,BẢN DỊCH TIẾNG VIỆT SAU MÁY CNC,BẢN DỊCH TIẾNG VIỆT SAU MÁY CNC,,,EA,KHÁC,NEW,200,,
MT178.7,MŨI TÊN CHỈ DẪN TRÒN NHỎ,MŨI TÊN CHỈ DẪN TRÒN NHỎ,,,EA,KHÁC,NEW,200,,
MT178.8,TEM BẢO HỘ TRƯỚC MÁY CNC,TEM BẢO HỘ TRƯỚC MÁY CNC,,,EA,KHÁC,NEW,200,,
MT179,BẢN DỊCH TIẾNG VIỆT TRƯỚC MÁY CNC,BẢN DỊCH TIẾNG VIỆT TRƯỚC MÁY CNC,,,EA,KHÁC,NEW,200,,
MT180.1,MŨI TÊN CHỈ DẪN THẲNG TO,MŨI TÊN CHỈ DẪN THẲNG TO,,,EA,KHÁC,NEW,200,,
MT180.2,MŨI TÊN CHỈ DẪN THẲNG VỪA,MŨI TÊN CHỈ DẪN THẲNG VỪA,,,EA,KHÁC,NEW,200,,
MT180.3,MŨI TÊN CHỈ DẪN TRÁI,MŨI TÊN CHỈ DẪN TRÁI,,,EA,KHÁC,NEW,200,,
MT180.4,MŨI TÊN CHỈ DẪN PHẢI,MŨI TÊN CHỈ DẪN PHẢI,,,EA,KHÁC,NEW,200,,
MT181.1,TEM VANCUUM,TEM VANCUUM,템 진공,,EA,KHÁC,NEW,200,,
MT181.2,TEM VAN ĐIỆN TỪ,TEM VAN ĐIỆN TỪ,템 반 디엔 뜨,,EA,KHÁC,NEW,200,,
MT181.3,TEM DƯNG KHẨN CẤP,TEM DƯNG KHẨN CẤP,템 동 칸 캅,,EA,KHÁC,NEW,200,,
MT181.4,TEM CẢNH BÁO VẬN HÀNH MISCLEANER,TEM CẢNH BÁO VẬN HÀNH MISCLEANER,,,EA,KHÁC,NEW,200,,
MT181.5,TEM NÚT ẤN MÁY CNC,TEM NÚT ẤN MÁY CNC,,,EA,KHÁC,NEW,200,,
MT181.6,"TEM TẮT, BẬT OIL SKIMMER","TEM TẮT, BẬT OIL SKIMMER",오일 스키머,,EA,KHÁC,NEW,200,,
MT181.7,TEM BẢN DỊCH OIL SKIMMER,TEM BẢN DỊCH OIL SKIMMER,오일 스키머,,EA,KHÁC,NEW,200,,
MT181.8,TEM JIG WASHING,TEM JIG WASHING,템지그워싱,,EA,KHÁC,NEW,200,,
MT182.1,GIỚI HẠN ĐỘ CAO,GIỚI HẠN ĐỘ CAO,기이한도까오,,EA,KHÁC,NEW,200,,
MT182.2,MŨI TÊN CHỈ DẪN ĐỎ,MŨI TÊN CHỈ DẪN ĐỎ,,,EA,KHÁC,NEW,200,,
MT182.3,CẢNH BÁO HỒI DẦU,CẢNH BÁO HỒI DẦU,,,EA,KHÁC,NEW,200,,
MT182.4,MŨI TÊN CHỈ DẪN XANH,MŨI TÊN CHỈ DẪN XANH,무이 텐 ,,EA,KHÁC,NEW,200,,
MT182.5,MŨI TÊN CHỈ DẪN XANH NHỎ,MŨI TÊN CHỈ DẪN XANH NHỎ,,,EA,KHÁC,NEW,200,,
MT182.6,MŨI TÊN CHỈ DẪN VÀNG,MŨI TÊN CHỈ DẪN VÀNG,,,EA,KHÁC,NEW,200,,
MT182.7,CHIỀU QUAY MOTOR,CHIỀU QUAY MOTOR,치우 퀘이 모터,,EA,KHÁC,NEW,200,,
MT182.8,CẢNH BÁO KÍCH ỨNG,CẢNH BÁO KÍCH ỨNG,,,EA,KHÁC,NEW,200,,
MT183.1,LONG ĐEN TRẮNG D10,LONG ĐEN TRẮNG D10,롱덴트랑 D10,D10,EA,THIẾT BỊ CƠ KHÍ,NEW,100,,
MT183.2,LONG ĐEN VÊNH D12,LONG ĐEN VÊNH D12,롱덴벤 D12,D12,EA,THIẾT BỊ CƠ KHÍ,NEW,100,,
MT183.3,LONG ĐEN TRẮNG D6,LONG ĐEN TRẮNG D6,롱덴트랑 D6,D6,EA,THIẾT BỊ CƠ KHÍ,NEW,100,,
MT183.4,NORD LOCK M4,NORD LOCK M4,노드락 M4,M4,EA,THIẾT BỊ CƠ KHÍ,NEW,250,,
MT183.5,LONG ĐEN TRẮNG M6,LONG ĐEN TRẮNG M6,롱덴트 M6,M6,EA,THIẾT BỊ CƠ KHÍ,NEW,100,,
MT184,BỘ KHÓA CỬA,BỘ KHÓA CỬA,,,SET,KHÁC,NEW,2,,
MT185,NAM CHÂM COVER,NAM CHÂM COVER,남참 커버,,EA,KHÁC,NEW,10,,
MT186,SÚNG PHUN SƠN,SÚNG PHUN SƠN,성풍선,W71+ RC-4S,SET,KHÁC,NEW,1,,
MT187.1,BULONG M6X10 OLD,BULONG M6X10 CŨ,BULONG M6X10 OLD,M6x10mm,EA,THIẾT BỊ CƠ KHÍ,OLD,0,,
MT187.2,BULONG M4 X 11 OLD,BULONG M4 X 11 CŨ,BULONG M4 X 11 OLD,M4 X 11mm,EA,THIẾT BỊ CƠ KHÍ,OLD,0,,
MT187.3,BULONG M4 X 30 OLD,BULONG M4 X 30 CŨ,BULONG M4 X 30 OLD,M4 X 30 mm,EA,THIẾT BỊ CƠ KHÍ,OLD,0,,
MT187.4,BULONG M4 X 10,BULONG M4 X 10 ,BULONG M4 X 10 ,M4 X 10 mm,EA,THIẾT BỊ CƠ KHÍ,NEW,200,,
MT187.5,BULONG BỊT M12 OLD,BULONG BỊT M12 CŨ,BULONG BỊT M12 OLD,M12,EA,THIẾT BỊ CƠ KHÍ,OLD,0,,
MT187.6,BULONG M6X30,BULONG M6X30,불롱 M6X30,M6x30mm,EA,THIẾT BỊ CƠ KHÍ,NEW,0,,
MT188,BÁNH XE CHIP,BÁNH XE CHIP,반세 칩,D15,EA,KHÁC,NEW,10,,
MT189,VAN NƯỚC CHỊU NHIỆT,VAN NƯỚC CHỊU NHIỆT,,Ø25,EA,THIẾT BỊ CƠ KHÍ,NEW,2,,
MT190,BÌNH DẦU 68 OLD,BÌNH DẦU 68  CŨ,,MKUII-KWL-V005,EA,THIẾT BỊ CƠ KHÍ,OLD,0,,
MT191,TỤ ĐIỆN OIL SKIMMER,TỤ ĐIỆN OIL SKIMMER,투디엔 오일 스키머,0.3µF,EA,THIẾT BỊ ĐIỆN,NEW,10,,
MT192,DÂY SÚNG MÁY XỊT (OLD),DÂY SÚNG MÁY XỊT,,3263PSI,EA,THIẾT BỊ CƠ KHÍ,OLD,2,,
MT193,BĂNG DÍNH BẠC ,BĂNG DÍNH BẠC,,100mm,EA,KHÁC,NEW,20,,
MT194,AIR PIPE D12 (ỐNG KHÍ Ø12) (OLD),ỐNG KHÍ Ø12 CŨ,에어 파이프 D12 OLD,Ø12,EA,THIẾT BỊ CƠ KHÍ,OLD,0,,
MT195,AIR PIPE D10 (ỐNG KHÍ Ø10) (OLD),ỐNG KHÍ Ø10 CŨ,에어 파이프 D10 OLD,Ø10,EA,THIẾT BỊ CƠ KHÍ,OLD,0,,
MT196,AIR PIPE D8 (ỐNG KHÍ Ø8) (OLD),ỐNG KHÍ Ø8 CŨ,에어 파이프 D8OLD,Ø8,EA,THIẾT BỊ CƠ KHÍ,OLD,0,,
MT197,PIPE AIR GUN ( DÂY SÚNG KHÍ ),DÂY SÚNG KHÍ,파이프 에어건,6m,EA,THIẾT BỊ CƠ KHÍ,NEW,20,,
MT198,FITTING AIR LINE POWER (CHẠC 3),CHẠC 3 KHÍ TỔNG,공기 라인 전원 피팅(3장),,EA,THIẾT BỊ CƠ KHÍ,NEW,20,,
MT199,BLOCK COLANT L/R (OLD),BLOCK COLANT L/R CŨ,블록 콜런트 L/R,,SET,THIẾT BỊ CƠ KHÍ,OLD,1,,
MT200.1,CÔN THÉP,CÔN THÉP,콘테프,1/3/4'',EA,THIẾT BỊ CƠ KHÍ,NEW,2,,
MT200.2,GÓC THÉP,GÓC THÉP,곡 테프,3/4'',EA,THIẾT BỊ CƠ KHÍ,NEW,2,,
MT201,"KHỚP NỐI I,L","KHỚP NỐI I,L",,,EA,THIẾT BỊ CƠ KHÍ,OLD,10,,
MT202,CNC WATER GUN (OLD),SÚNG XỊT CŨ,CNC 물총 오래된,,SET,THIẾT BỊ CƠ KHÍ,OLD,10,,
MT203,CNC WATER GUN,SÚNG XỊT,CNC 물총 NEW,,SET,THIẾT BỊ CƠ KHÍ,NEW,10,,
MT204,SÚNG PHUN NƯỚC (OLD),SÚNG PHUN NƯỚC CŨ,성 푼 논옥,,EA,THIẾT BỊ CƠ KHÍ,OLD,10,,
MT205,NÚT BỊT NHỰA REN21,NÚT BỊT NHỰA REN21,,"D1/2""",EA,THIẾT BỊ CƠ KHÍ,NEW,20,,
MT206,AIR LINE Ø10,DÂY KHÍ Ø10,에어 라인 Ø10,D10mm,EA,THIẾT BỊ CƠ KHÍ,NEW,5,,
MT207,AIR LINE Ø4,DÂY KHÍ  Ø4,에어 라인 Ø4,D4,EA,THIẾT BỊ CƠ KHÍ,NEW,2,,
MT208,FITTING L12( Ø12-M17),FITTING L12( Ø12-M17),피팅 L12( Ø12-M17),"3/8""-12",EA,THIẾT BỊ CƠ KHÍ,NEW,20,,
MT209,FITTING L6 (Ø6-M13),FITTING L6 (Ø6-M13),피팅 L6 (Ø6-M13),"1/4""x6",EA,THIẾT BỊ CƠ KHÍ,NEW,20,,
MT210,FITTING THẲNG (Ø12-M 13),FITTING THẲNG (Ø12-M 13),피팅(Ø12-M 13),"1/4""-12",EA,THIẾT BỊ CƠ KHÍ,NEW,20,,
MT211,FITTING THẲNG (Ø12-M21),FITTING THẲNG (Ø12-M21),피팅(Ø12-M21),"1/2""-12",EA,THIẾT BỊ CƠ KHÍ,NEW,20,,
MT212,FITTING NỐI THẲNG Ø6-6,FITTING NỐI THẲNG Ø6-6,피팅 Ø6-6,6-Jun,EA,THIẾT BỊ CƠ KHÍ,NEW,50,,
MT213,FITTING T Ø12,FITTING T Ø12,피팅 T Ø12,T12,EA,THIẾT BỊ CƠ KHÍ,NEW,20,,
MT214,FITTING L (Ø12-M13),FITTING L (Ø12-M13),피팅 L (Ø12-M13),"1/4""x12",EA,THIẾT BỊ CƠ KHÍ,NEW,20,,
MT215.1,FITTING NỐI NHANH Ø12,FITTING NỐI NHANH Ø12,피팅 Ø12,D12,SET,THIẾT BỊ CƠ KHÍ,NEW,10,,
MT215.2,FITTING NỐI NHANH Ø12,FITTING NỐI NHANH Ø12,피팅 Ø12,D12,EA,THIẾT BỊ CƠ KHÍ,NEW,10,,
MT216.1,FITTING NỐI NHANH Ø10,FITTING NỐI NHANH Ø10,피팅 Ø10,D10,SET,THIẾT BỊ CƠ KHÍ,NEW,10,,
MT216.2,FITTING NỐI NHANH Ø10,FITTING NỐI NHANH Ø10,피팅 Ø10,D10,EA,THIẾT BỊ CƠ KHÍ,NEW,10,,
MT217.1,FITTING NỐI NHANH Ø8,FITTING NỐI NHANH Ø8,피팅 Ø8,D8,SET,THIẾT BỊ CƠ KHÍ,NEW,10,,
MT217.2,FITTING NỐI NHANH Ø8,FITTING NỐI NHANH Ø8,피팅 Ø8,D8,EA,THIẾT BỊ CƠ KHÍ,NEW,10,,
MT218.1,FITTING T6 (6-M8-6),FITTING T6 (6-M8-6),피팅 T6(6-M8-6),D6,EA,THIẾT BỊ CƠ KHÍ,NEW,10,,
MT218.2,FITTING T8(8-8-8),FITTING T8(8-8-8),피팅 T8(8-8-8),D8,EA,THIẾT BỊ CƠ KHÍ,NEW,10,,
MT218.3,FITTING T8(8-6-8),FITTING T8(8-6-8),피팅 T8(8-6-8),D8,EA,THIẾT BỊ CƠ KHÍ,NEW,10,,
MT218.4,FITTING T6 (6-M4-6),FITTING T6 (6-M4-6),피팅 T6(6-M4-6),D6,EA,THIẾT BỊ CƠ KHÍ,NEW,10,,
MT219.1,FITTING L6 (6-M10),FITTING L6 (6-M10),피팅 L6(6-M10),D6,EA,THIẾT BỊ CƠ KHÍ,NEW,10,,
MT219.2,FITTING TIẾT LƯU L6(6-M5),FITTING TIẾT LƯU L6(6-M5),피팅 로우 L6(6-M5),D6,EA,THIẾT BỊ CƠ KHÍ,NEW,30,,
MT219.3,FITTING THU 10-8,FITTING THU 10-8,목요일 10-8 피팅,D10-8,EA,THIẾT BỊ CƠ KHÍ,NEW,20,,
MT219.4,FITTING NỐI 12-12,FITTING NỐI 12-12,피팅 니 12-12,D12,EA,THIẾT BỊ CƠ KHÍ,NEW,30,,
MT219.5,FITTING L6 (6-M5),FITTING L6 (6-M5),피팅 L6(6-M5),D6,EA,THIẾT BỊ CƠ KHÍ,NEW,10,,
MT219.6,FIITING NỐI 6-4,FIITING NỐI 6-4,FIITING 6-4,D6-4,EA,THIẾT BỊ CƠ KHÍ,NEW,20,,
MT220.1,FITTING TIẾT LƯU L10(10-M8),FITTING TIẾT LƯU L10(10-M8),피팅 로우 L10(10-M8),D10-M8,EA,THIẾT BỊ CƠ KHÍ,NEW,10,,
MT220.2,FITTING NỐI THẲNG Ø6(6-M17),FITTING NỐI THẲNG Ø6(6-M17),피팅 Ø6(6-M17),D6-M17,EA,THIẾT BỊ CƠ KHÍ,NEW,10,,
MT220.3,FITTING Y Ø8 (8-8-8),FITTING Y Ø8 (8-8-8),피팅 Y Ø8 (8-8-8),Ø8,EA,THIẾT BỊ CƠ KHÍ,NEW,10,,
MT220.4,FITTING Y Ø10 (10-10-10),FITTING Y Ø10 (10-10-10),피팅 Y Ø10 (10-10-10),Ø10,EA,THIẾT BỊ CƠ KHÍ,NEW,10,,
MT220.5,FITTING NỐI THẲNG Ø4(4-M17),FITTING NỐI THẲNG Ø4(4-M17),피팅Ø4(4-M17),Ø4,EA,THIẾT BỊ CƠ KHÍ,NEW,10,,
MT220.6,FITTING NỐI THẲNG Ø8(8-M17),FITTING NỐI THẲNG Ø8(8-M17),피팅 Ø8(8-M17),Ø8,EA,THIẾT BỊ CƠ KHÍ,NEW,10,,
MT221.1,FITTING NỐI THẲNG Ø8-8,FITTING NỐI THẲNG Ø8-8,피팅  Ø8-8,Ø8,EA,THIẾT BỊ CƠ KHÍ,NEW,30,,
MT221.2,FITTING 6-8,FITTING 6-8,피팅 6-8,SQH06-08-TPC,EA,THIẾT BỊ CƠ KHÍ,NEW,30,,
MT222.1,FITTING Y Ø6(6-6-6),FITTING Y Ø6(6-6-6),피팅Y Ø6(6-6-6),Ø6,EA,THIẾT BỊ CƠ KHÍ,NEW,10,,
MT222.2,FITTING Ø10(10-10),FITTING Ø10(10-10),피팅 Ø10(10-10),Ø10,EA,THIẾT BỊ CƠ KHÍ,NEW,20,,
MT222.3,FITTING Ø12-10(12-10),FITTING Ø12-10(12-10),피팅 Ø12-10(12-10),Ø12,EA,THIẾT BỊ CƠ KHÍ,NEW,20,,
MT222.4,FITTING Ø4(4-4),FITTING Ø4(4-4),피팅 Ø4(4-4),Ø4,EA,THIẾT BỊ CƠ KHÍ,NEW,10,,
MT223,BALL SCREW Z,BALL SCREW Z,볼스크류 Z,,EA,THIẾT BỊ CƠ KHÍ,NEW,8,,
MT224,LM GUIDE Z,THANH DẪN HƯỚNG Z,LM 가이드 Z,,EA,THIẾT BỊ CƠ KHÍ,NEW,5,,
MT225,LM GUIDE Y,THANH DẪN HƯỚNG Y,LM 가이드Y,R25-12A2-FST-572-1047-0.012,EA,THIẾT BỊ CƠ KHÍ,NEW,10,,
MT226,LM GUIDE X,THANH DẪN HƯỚNG X,LM 가이드 X,R25-12A2-FST-682-782-0.012 (S2400U3-01),EA,THIẾT BỊ CƠ KHÍ,NEW,10,,
MT227,Y COVER FRONT,COVER Y TRƯỚC,Y 커버 전면,,EA,THIẾT BỊ CƠ KHÍ,NEW,5,,
MT228,Y COVER BEHIND,COVER Y SAU,Y 커버 비하인드,,EA,THIẾT BỊ CƠ KHÍ,NEW,5,,
MT229,BALL SCREW Y,BALL SCREW Y,볼스크류Y,,EA,THIẾT BỊ CƠ KHÍ,NEW,12,,
MT230,BALL SCREW X,BALL SCREW X,볼스크류 X,,EA,THIẾT BỊ CƠ KHÍ,NEW,12,,
MT231,X COVER LEFT (OLD),COVER X TRÁI CŨ,X 표지 왼쪽,,EA,THIẾT BỊ CƠ KHÍ,OLD,0,,
MT232,X COVER RIGHT (OLD),COVER X PHẢI CŨ,X 표지 오른쪽,,EA,THIẾT BỊ CƠ KHÍ,OLD,0,,
MT233,MIST CLEANER,MIST CLEANER,미스트 클리너,,SET,THIẾT BỊ CƠ KHÍ,NEW,5,,
MT234,BALL SCREW X (OLD),BALL SCREW X CŨ,볼스크류 X(구형),,EA,THIẾT BỊ CƠ KHÍ,OLD,0,,
MT235,BALL SCREW Y ( OLD),BALL SCREW Y CŨ,볼 스크류 Y(구형),,EA,THIẾT BỊ CƠ KHÍ,OLD,0,,
MT236,Y COVER FRONT ( OLD),Y COVER FRONT CŨ,Y 커버 전면(구형),,EA,THIẾT BỊ CƠ KHÍ,OLD,0,,
MT237,Y COVER BEHIND ( OLD),Y COVER BEHIND CŨ,Y 커버 뒤(구),,EA,THIẾT BỊ CƠ KHÍ,OLD,0,,
MT238.1,[BEARING] 6008 (NG),VÒNG BI 6008 (NG),[베어링] 6008 (NG),HYKH6008 2RZ,EA,BEARING,NG,0,,
MT238.2,[BEARING] 6009 (NG),VÒNG BI 6009 (NG),[베어링] 6009 (NG),HYKH6009 2RZ,EA,BEARING,NG,0,,
MT238.3,[BEARING] F224 (NG),VÒNG BI F224 (NG),[베어링] F224 (NG),B25-224,EA,BEARING,NG,0,,
MT238.4,[BEARING] F254 (NG),VÒNG BI F254 (NG),[베어링] F254 (NG),B25-254,EA,BEARING,NG,0,,
MT239.1,LEFT X COVER SHIELDING (NG),GIẢM CHẤN TRÁI (NG),왼쪽 X 커버 쉴딩(NG),,EA,THIẾT BỊ CƠ KHÍ,NG,0,,
MT239.2,RIGHT X COVER SHIELDING (NG),GIẢM CHẤN PHẢI (NG),오른쪽 X 커버 차폐(NG),,EA,THIẾT BỊ CƠ KHÍ,NG,0,,
MT240,DOOR SWITCH (NG),KHÓA CỬA  (NG),도어 스위치(NG),,EA,KHÁC,NG,0,,
MT241.1,AMPLY SERVO (NG),AM  (NG),앰플리 서보(NG),,EA,THIẾT BỊ ĐIỆN,NG,0,,
MT241.2,PCB MAIN IO NG,PCB MAIN IO NG,PCB 메인 IO,,EA,PCB,NG,0,,
MT241.3,PCB MAIN 24VDC NG,PCB MAIN 24VDC NG,PCB 메인 24VDC,,EA,PCB,NG,0,,
MT241.4,PCB MAIN 5VDC NG ,PCB MAIN 5VDC NG ,PCB 메인 5VDC,,EA,PCB,NG,0,,
MT242,SPINDLE SHATF (NG),SPINDLE SHATF (NG),스핀들 샤프트(NG),,EA,SPINDLE,NG,0,,
MT243.1,SPINDLE GEAR (NG),SPINDLE GEAR (NG),스핀들 기어(NG),,EA,SPINDLE,NG,0,,
MT243.2,"COUPLINK X,Y (NG)","COUPLINK X,Y (NG)","커플링크 X,Y (NG)",,EA,THIẾT BỊ ĐIỆN,NG,0,,
MT243.3,SPINDLE COUPLINK (NG),SPINDLE COUPLINK (NG),스핀들 커플링크(NG),,EA,SPINDLE,NG,0,,
MT243.4,SPINDLE MOTOR PULSE CODER CABLE (NG),DÂY TÍN HIỆU SPINDLE MOTOR,스핀들 모터 펄스 코더 케이블(NG),,EA,THIẾT BỊ ĐIỆN,NG,0,,
MT244,MIST CLEANER MOTOR NG,MIST CLEANER MOTOR NG,미스트 클리너 모터 NG,,EA,MOTOR,NG,0,,
MT245,SPINDLE MOTOR NG,SPINDLE MOTOR NG,스핀들 모터 NG,,EA,MOTOR,NG,0,,
MT246,"X,Y SERVOR MOTOR NG","X,Y SERVOR MOTOR NG","X,Y 서버 모터 NG",,EA,MOTOR,NG,0,,
MT247,SPINDLE NG,SPINDLE NG,스핀들 NG,,EA,SPINDLE,NG,0,,
MT248,COOLANT MOTOR NG,COOLANT MOTOR NG,냉각수 모터 NG,,EA,MOTOR,NG,0,,
MT249.1,CUTTING OIL VALVE ,VAN ĐIỀU TIẾT MÁY PHA DẦU B ,절삭유 밸브(신규),Art-NR:0505,EA,THIẾT BỊ CƠ KHÍ,NEW,1,,
MT249.2,CUTTING OIL VALVE (OLD),VAN ĐIỀU TIẾT MÁY PHA DẦU B CŨ,절삭유 밸브(구형),Art-NR:0505,EA,THIẾT BỊ CƠ KHÍ,OLD,0,,
MT250,PC DOOR PLATE,TẤM MEKA CỬA,PC 도어 플레이트,98x39.5x5,EA,KHÁC,NEW,50,,
MT251,CABLE CONDUIT D60,ỐNG RUỘT GÀ D60,케이블 도관 D60,D60,M,THIẾT BỊ CƠ KHÍ,NEW,30,,
MT252,CABLE CONDUIT D50,ỐNG RUỘT GÀ D50,케이블 도관 D50,D50,M,THIẾT BỊ CƠ KHÍ,NEW,30,,
MT253,CABLE CONDUIT D48,ỐNG RUỘT GÀ D48,케이블 도관 D48,D48,M,THIẾT BỊ CƠ KHÍ,NEW,20,,
MT254,STEEL CORE PLASTIC D20,ỐNG LÕI THÉP D20,강철 코어 플라스틱 D20,D20,M,THIẾT BỊ CƠ KHÍ,NEW,30,,
MT255,WHITE SUN TUBE D40,ỐNG MÀU TRẮNG D40,화이트 선 튜브 D40,D40,M,THIẾT BỊ CƠ KHÍ,NEW,20,,
MT256,STEEL CORE PLASTIC D16,ỐNG LÕI THÉP D16,강철 코어 플라스틱 D16,D16,M,THIẾT BỊ CƠ KHÍ,NEW,30,,
MT257,STEEL CORE PLASTIC D25,ỐNG LÕI THÉP D25,강철 코어 플라스틱 D25,D25,M,THIẾT BỊ CƠ KHÍ,NEW,30,,
MT258,STEEL CORE PLASTIC D19,ỐNG LÕI THÉP D19,강철 코어 플라스틱 D19,D19,M,THIẾT BỊ CƠ KHÍ,NEW,30,,
MT259,PLASTIC PIPE D25,ỐNG LUỒN D25,플라스틱 파이프 D25,D25,M,THIẾT BỊ CƠ KHÍ,NEW,30,,
MT260,CABLE CONDIU D16,ỐNG LUỒN D16,케이블 연결 D16,D16,M,THIẾT BỊ CƠ KHÍ,NEW,30,,
MT261,AIR PIPE D6 (ỐNG KHÍ Ø6) NEW,ỐNG KHÍ Ø6 ,에어 파이프 D6 NEW,D6-100m,M,THIẾT BỊ CƠ KHÍ,NEW,400,,
MT262,AIR PIPE D8 (ỐNG KHÍ Ø8),ỐNG KHÍ Ø8,에어 파이프 D8,D8-100m,M,THIẾT BỊ CƠ KHÍ,NEW,300,,
MT263,AIR PIPE D10 (ỐNG KHÍ Ø10),ỐNG KHÍ Ø10,에어 파이프 D10,D10-100m,M,THIẾT BỊ CƠ KHÍ,NEW,200,,
MT264,AIR PIPE D12 (ỐNG KHÍ Ø12),ỐNG KHÍ Ø12,에어 파이프 D12 ,D12-100m,M,THIẾT BỊ CƠ KHÍ,NEW,200,,
MT265,AIR PIPE D16 (ỐNG KHÍ Ø16),ỐNG KHÍ Ø16,에어 파이프 D16 ,D16-100m,M,THIẾT BỊ CƠ KHÍ,NEW,200,,
MT266,[BEARING] BALL SCREW NSK 6004 (VÒNG BI XY),VÒNG BI BALL SCREW XY NSK 6004,[베어링] 볼스크류 NSK 6004,NSK 6004DDUCMNS7S,EA,BEARING,NEW,30,,
MT267,[BEARING] BALL SCREW NSK 7204 (VÒNG BI XY),VÒNG BI BALL SCREW XY  NSK 7204,[베어링] 볼스크류 NSK 7204,NSK 7204 ATYNDBLP5,EA,BEARING,NEW,30,,
MT268,[BEARING] BALL SCREW NSK 7304 (VÒNG BI Z),VÒNG BI BALL SCREW XY NSK 7304,[베어링] 볼스크류 NSK 7304 ,NSK 7304 CTYNSUL P4,EA,BEARING,NEW,10,,
MT269,[BEARING] DDR (MOTOR) ZYS 32916 J (VÒNG BI DDR-T),VÒNG BI DDR-T ZYS 32916 J ,[베어링] DDR (모터) ZYS 32916 J,ZYS 32916 J,EA,BEARING,NEW,5,,
MT270,[BEARING] DDR (MOTOR) ZYS R80-23 (VÒNG BI DDR-T),VÒNG BI DDR-T ZYS R80-23,[베어링] DDR (모터) ZYS R80-23 ,ZYS R80-23,EA,BEARING,NEW,5,,
MT271,[BEARING] DDR-T (SAMCHONY) (VÒNG BI DDR-T), VÒNG BI DDR-T SAMCHONY,[베어링] DDR-T (SAMCHONY),CRBH 12025AUUT1P4 IKO,EA,BEARING,NEW,5,,
MT272,[BEARING] SPINDLE GMS 6008 (VÒNG BI SPINDLE),VÒNG BI SPINDLE GMS 6008 ,[베어링] 스핀들 GMS 6008,HYKH6008 2RZ,SET,BEARING,NEW,15,,
MT273,[BEARING] SPINDLE GMS 6009 (VÒNG BI SPINDLE), VÒNG BI SPINDLE  SPINDLE GMS 6009,[베어링] 스핀들 GMS 6009 ,HYKH6009 2RZ,SET,BEARING,NEW,15,,
MT274,[BEARING] SPINDLE MOTOR ZYS 224 (VÒNG BI SPINDLE MOTOR),VÒNG BI SPINDLE MOTOR ZYS 224,[베어링] 스핀들 모터 ZYS 224,B25-224,EA,BEARING,NEW,15,,
MT275,[BEARING] SPINDLE MOTOR ZYS 254 (VÒNG BI SPINDLE MOTOR),VÒNG BI SPINDLE MOTOR ZYS 254,[베어링] 스핀들 모터 ZYS 254 ,B25-254,EA,BEARING,NEW,15,,
MT276,[SPINDLE] MOTOR SENSOR,[SPINDLE] MOTOR SENSOR,[스핀들] 모터 센서,,EA,SPINDLE,NEW,5,,
MT277,DDR-T SENSOR HEAD 1 NEW,DDR-T SENSOR HEAD 1 NEW,DDR-T 센서 헤드 1 신규,A860-2162-V002,EA,DDR/DDRT,NEW,5,,
MT278,DDR-T SENSOR HEAD 2 NEW,DDR-T SENSOR HEAD 2 NEW,DDR-T 센서 헤드 2 신규,A860-2162-V013,EA,DDR/DDRT,NEW,5,,
MT279,DDR-T SENSOR HEAD 2 (REPAIR),DDR-T SENSOR HEAD 2 SỬA CHỮA,DDR-T 센서 헤드 2 수리,A860-2162-V013,EA,DDR/DDRT,REPAIR,0,,
MT280,BALANCE MONITOR SB-7706 CABLE,BALANCE MONITOR SB-7706 CABLE,밸런스 모니터 SB-7706 케이블,,EA,THIẾT BỊ CƠ KHÍ,NEW,1,,
MT281,BALANCE MONITOR SB-7706 SENSOR,BALANCE MONITOR SB-7706 SENSOR,밸런스 모니터 SB-7706 센서,,EA,SENSOR,NEW,1,,
MT282,WASHER NORD LOCK,WASHER NORD LOCK,세탁기 노드락,,EA,THIẾT BỊ CƠ KHÍ,NEW,250,,
MT283,[BEARING] SPINDLE FAG HCM 7008 (VÒNG BI SPINDLE),VÒNG BI SPINDLE HCM7008,[베어링] 스핀들 FAG HCM 7008 ,HCM-7008-C-T-P4S-UL-XL#E,EA,BEARING,NEW,10,,
MT284,[BEARING] SPINDLE FAG HCM 7009 (VÒNG BI SPINDLE),VÒNG BI SPINDLE HCM 7009,[베어링] SPINDLE FAG HCM 7009,HCM-7009-C-T-P4S-UL-XL#E,EA,BEARING,NEW,10,,
MT285,OMI - 2 (REPAIR),OMI - 2 SỬA CHỮA,OMI - 2 수리,,EA,THIẾT BỊ ĐIỆN,REPAIR,0,,
MT286,NC4 Laser Tx&Rx (REPAIR),NC4 Laser Tx&Rx SỬA CHỮA,NC4 레이저 Tx&Rx,Tx&Rx,SET,LASER,REPAIR,0,,
MT287,NC4 Laser Tx hoặc Rx (REPAIR),NC4 Laser Tx hoặc Rx SỬA CHỮA,NC4 Laser Tx OR Rx,NC4 Tx hoặc Rx,EA,LASER,REPAIR,0,,
MT288,AMP SV (REPAIR),AMP SV SỬA CHỮA,앰프 SV,,EA,THIẾT BỊ ĐIỆN,REPAIR,0,,
MT289,AMP PS26 (REPAIR),AMP PS26 SỬA CHỮA,앰프 PS26,,EA,THIẾT BỊ ĐIỆN,REPAIR,0,,
MT290,AMP SP30 (REPAIR),AMP SP30 SỬA CHỮA,앰프 SP30,,EA,THIẾT BỊ ĐIỆN,REPAIR,0,,
MT291,PCB MAIN IO (REPAIR),PCB MAIN IO SỬA CHỮA,PCB 메인 IO,,EA,PCB,REPAIR,0,,
MT292,PCB MAIN 24VDC (REPAIR),PCB MAIN 24VDC SỬA CHỮA,PCB 메인 24VDC,,EA,PCB,REPAIR,0,,
MT293,PCB MAIN 5VDC (REPAIR),PCB MAIN 5VDC SỬA CHỮA,PCB 메인 5VDC,,EA,PCB,REPAIR,0,,
MT294,MODUL ICB MAIN IO (REPAIR),MODUL ICB MAIN IO SỬA CHỮA,모듈 ICB 메인 IO,,EA,THIẾT BỊ ĐIỆN,REPAIR,0,,
MT295,PROBE BATTERY,PIN PROBE,프로브 배터리,LS14250,EA,THIẾT BỊ ĐIỆN,NEW,0,,
MT296,PROBE (REPAIR),PROBE SỬA CHỮA,프로브 수리,,EA,THIẾT BỊ ĐIỆN,REPAIR,0,,
MT297,COOLANT LINE ,COOLANT LINE ,냉각수 라인(신규),"1/2""1.5m",EA,THIẾT BỊ CƠ KHÍ,NEW,3,,
MT298,SCREW MOTOR FOR CHIP PRESS MACHINE,SCREW MOTOR FOR CHIP PRESS MACHINE,칩 프레스 기계용 스크류 모터,FV-35-70-50S,EA,MOTOR,NEW,0,,
MT299,BÔNG LỌC MIST CLEANER,BÔNG LỌC MIST CLEANER,미스트 클리너,L3500X260X20mm,SET,FILTER,NEW,50,,
TR001,MIST CLEANER BÔNG,BÔNG LỌC MIST CLEANER,미스트클리너 봉,420*50MM,EA,FILTER,NEW,6,,
TR002,CON LĂN BĂNG TẢI,CON LĂN BĂNG TẢI,,206MM,EA,THIẾT BỊ CƠ KHÍ,NEW,2,,
TR003,Cover BỌC DÂY ĐIỆN MOTOR DI CHUYỂN,Cover BỌC DÂY ĐIỆN MOTOR DI CHUYỂN,커버,25mm*1M,EA,THIẾT BỊ CƠ KHÍ,NEW,2,,
TR004,MIST CLEANER BÔNG,BÔNG LỌC MIST CLEANER 6M*320MM,미스트클리너 봉 6M*320MM,6M*320MM,EA,FILTER,NEW,4,,
TR005.1,MIST CLEANER BÔNG,BÔNG LỌC MIST CLEANER 250MM*250MM,미스트클리너 봉 250MM*250MM,250MM*250MM,EA,FILTER,NEW,3,,
TR005.2,MIST CLEANER BÔNG,BÔNG LỌC MIST CLEANER 440MM*10MM,미스트클리너 봉 440MM*10MM,440MM*10MM,SET,FILTER,NEW,2,,
TR006,디버링 히터 HEATER SẤY MEDIA,HEATER SẤY MEDIA,디버링 히터,220V 1KW,EA,THIẾT BỊ ĐIỆN,NEW,5,,
TR007,모터 바람개비 CHONG CHÓNG BÁO HOẠT ĐỘNG,CHONG CHÓNG BÁO HOẠT ĐỘNG,모터 바람개비,60*70MM,EA,KHÁC,NEW,20,,
TR008,아크릴 용접 심 DÂY HÀN ỐNG NHỰA PP,DÂY HÀN ỐNG NHỰA PP,아크릴 용접 심,M,EA,KHÁC,NEW,2,,
TR009,디버링 파이프 커버 ỐNG BỌC TRỤC GẮN SÚNG PHUN CÁT,ỐNG BỌC TRỤC GẮN SÚNG PHUN CÁT,디버링 파이프 커버,M,EA,THIẾT BỊ CƠ KHÍ,NEW,50,,
TR010,디버링 메디아공급 HOSE ỐNG KHÍ THỔI CÁT, HOSE ỐNG KHÍ THỔI CÁT,디버링 메디아 공급 ,9.5MM,EA,THIẾT BỊ CƠ KHÍ,NEW,50,,
TR011,컨베이어 구동모터 외 부품 MOTOR BĂNG TẢI, MOTOR BĂNG TẢI,고정 구동모터 외부 부품 ,소형모터,SET,MOTOR,NEW,5,,
TR012.1,컨베이롤러 上THANH XÍCH TẢI MÁY NGẮN,THANH XÍCH TẢI MÁY NGẮN,컨베이롤러 上,세척기1호기 규격품,SET,THIẾT BỊ CƠ KHÍ,NEW,25,,
TR012.2,컨베이롤러 下 THANH XÍCH TẢI MÁY DÀI,HANH XÍCH TẢI MÁY DÀI,컨베이롤러 下 ,세척기1호기 규격품,EA,THIẾT BỊ CƠ KHÍ,NEW,25,,
TR013.1,충격방지쿠션커버 ĐỆM XỐP TO,ĐỆM XỐP TO,충격방지쿠션커버,대,EA,THIẾT BỊ CƠ KHÍ,NEW,10,,
TR013.2,충격방지쿠션커버 ĐỆM XỐP NHỎ,ĐỆM XỐP NHỎ,충격방지쿠션커버 ,소,EA,THIẾT BỊ CƠ KHÍ,NEW,10,,
TR013.3,충격방지쿠션커버 ĐỆM GÓC,ĐỆM GÓC,충격방지쿠션커버,모서리용,EA,THIẾT BỊ CƠ KHÍ,NEW,15,,
TR014.1,페인트 도색용 롤러 CON LĂN SƠN TO, CON LĂN SƠN TO,페인트 도색용 롤러 ,롤러,EA,KHÁC,NEW,6,,
TR014.2,페인트 도색용 붓 CHỔI QUÉT SƠN,CHỔI QUÉT SƠN,Paint 도색용 붓 ,붓,EA,KHÁC,NEW,10,,
TR015,파워서플라이 BỘ ĐỔI NGUỒN, BỘ ĐỔI NGUỒN,파워서플라이,WYSP-150S24DB,EA,THIẾT BỊ ĐIỆN,NEW,3,,
TR016.1,서보드라이버 BỘ ĐIỀU KHIỂN MÁY CHỦ, BỘ ĐIỀU KHIỂN MÁY CHỦ,서보드라이버,MR-J3-70A,EA,THIẾT BỊ ĐIỆN,NEW,2,,
TR016.2,서보드라이버 BỘ ĐIỀU KHIỂN MÁY CHỦ,BỘ ĐIỀU KHIỂN MÁY CHỦ,서보드라이버 ,MR-J3-70A,EA,THIẾT BỊ ĐIỆN,NEW,2,,
TR017,정류기 BỘ CHỈNH LƯU,BỘ CHỈNH LƯU,정류기 ,KOOSOO 380VAC,EA,THIẾT BỊ ĐIỆN,NEW,1,,
TR018,정류기 BỘ CHỈNH LƯU,BỘ CHỈNH LƯU,정류기 ,KOOSOO 380VAC,EA,THIẾT BỊ ĐIỆN,NEW,1,,
TR019,진공포장기 MÁY ĐÓNG GÓI,MÁY ĐÓNG GÓI,진공포장기,INRISE,EA,THIẾT BỊ ĐIỆN,NEW,1,,
TR020,INVERTER BIỂN TẦN,INVERTER BIỂN TẦN,인버터 ,LSLV0055G100-4EONN,EA,THIẾT BỊ ĐIỆN,NEW,3,,
TR021.1,세척기 롤러 CON LĂN ĐẨY HÀNG (TO),CON LĂN ĐẨY HÀNG (TO),내장 롤러,대,EA,THIẾT BỊ CƠ KHÍ,NEW,4,,
TR021.2,세척기 롤러 CON LĂN ĐẨY HÀNG (NHỎ),CON LĂN ĐẨY HÀNG (NHỎ),내장 롤러,소,EA,THIẾT BỊ CƠ KHÍ,NEW,4,,
TR021.3,세척기 컨베이어 샤프트 THANH XÍCH TẢI MÁY,THANH XÍCH TẢI MÁY,세척기 컨베이어 샤프트,샤프트,EA,THIẾT BỊ CƠ KHÍ,NEW,25,,
TR021.4,세척기 컨베이어 샤프트 THANH XÍCH TẢI MÁY,THANH XÍCH TẢI MÁY,세척기 컨베이어 샤프트,샤프트,EA,THIẾT BỊ CƠ KHÍ,NEW,25,,
TR021.5,전산볼트 THANH ZEN LẮP TRỤC KHỈU,THANH ZEN LẮP TRỤC KHỈU,전산볼트 ,14mm x 1M,M,THIẾT BỊ CƠ KHÍ,NEW,5,,
TR021.6,컨베이어 낙추방지 GAP 롤러 CON LĂN CHẮN HÀNG RƠI BĂNG TẢI (NHỎ),CON LĂN CHẮN HÀNG RƠI BĂNG TẢI (NHỎ),북동추방지 GAP 롤러 ,-,EA,THIẾT BỊ CƠ KHÍ,NEW,4,,
TR021.7,컨베이어 롤러커버 CON LĂN CHẮN HÀNG RƠI BĂNG TẢI (TO),CON LĂN CHẮN HÀNG RƠI BĂNG TẢI (TO),컨테이너 롤러커버,롤러커버,EA,THIẾT BỊ CƠ KHÍ,NEW,4,,
TR021.8,세척기 히터 HEATER SẤY MÁY RỬA,HEATER SẤY MÁY RỬA,치즈 히터,380V 8KW,SET,THIẾT BỊ ĐIỆN,NEW,3,,
TR021.9,세척기 히터 HEATER SẤY MÁY RỬA,HEATER SẤY MÁY RỬA,치즈 히터 ,380V 6KW,SET,THIẾT BỊ ĐIỆN,NEW,3,,
TR022.1,WIFI CARRIER MỚI,WIFI CARRIER MỚI,WIFI 캐리어,RFU-2400,EA,THIẾT BỊ ĐIỆN,NEW,4,,
TR022.2,WIFI CARRIER CŨ,WIFI CARRIER CŨ,WIFI 캐리어,RFU-2400,EA,THIẾT BỊ ĐIỆN,NEW,0,,
TR023.1,고무 밸트류 DÂY CUROA NHỎ,DÂY CUROA NHỎ,고무 밸트류,B71,EA,THIẾT BỊ CƠ KHÍ,NEW,3,,
TR023.2,고무 밸트류 DÂY CUROA TO,DÂY CUROA TO,고무 밸트류,SPC3550LW,EA,THIẾT BỊ CƠ KHÍ,NEW,6,,
TR023.3,고무 밸트류 DÂY CUROA CŨ,DÂY CUROA CŨ,고무 밸트류 ,SPC3550LW,EA,THIẾT BỊ CƠ KHÍ,NEW,0,,
TR023.4,고무 밸트류 DÂY CUROA TO,DÂY CUROA TO,고무 밸트류,8004185-GB,EA,THIẾT BỊ CƠ KHÍ,NEW,6,,
TR024.1,냉각펜 QUẠT TỦ ĐIỆN,QUẠT TỦ ĐIỆN,냉각펜,DP200A P/N2123HSL,EA,THIẾT BỊ LÀM MÁT,NEW,10,,
TR024.2,냉각펜 COVER QUẠT,COVER QUẠT,냉각펜 ,DP200A P/N2123HSL,EA,THIẾT BỊ CƠ KHÍ,NEW,20,,
TR024.3,정류기 냉각펜 QUẠT TỦ ĐIỆN (RECTIFIER),QUẠT TỦ ĐIỆN (RECTIFIER),정류기 플랜 ,UF-15KC23,EA,THIẾT BỊ LÀM MÁT,NEW,4,,
TR024.4,링브로우모터 부품 CÁNH QUẠT BLOWER,CÁNH QUẠT BLOWER,링브로우모터 부품,,EA,THIẾT BỊ LÀM MÁT,NEW,3,,
TR025.1,TRI 케리어 밸트 CÁP NÂNG RACK TRI,CÁP NÂNG RACK TRI,TRI 케리어 밸트 ,NITTA polybelt XH500-3,SET,THIẾT BỊ CƠ KHÍ,NEW,4,,
TR025.2,세척1호기 롤러 가이드 블록(大) BLOCK CON LĂN (TO),BLOCK CON LĂN (TO),전혀1호기 롤러 가이드 블록(大) ,,EA,THIẾT BỊ CƠ KHÍ,NEW,5,,
TR025.3,세척1호기 롤러 가이드 블록 BLOCK CON LĂN (NHỎ),BLOCK CON LĂN (NHỎ),전혀1호기 롤러 가이드 블록,,EA,THIẾT BỊ CƠ KHÍ,NEW,5,,
TR026,PM용 깔판 BẠT PM THIẾT BỊ,BẠT PM THIẾT BỊ,PM용 깔판,2000 x 1200 mm,EA,KHÁC,NEW,1,,
TR027,디버링 MEDIA 유출방지 고무 가스켓 GIOANG CỬA DEBURING,GIOANG CỬA DEBURING,디버링 MEDIA 이온 방지 고무 가스켓,"SAMO GTS SCPM 12L.10,12",M,THIẾT BỊ CƠ KHÍ,NEW,50,,
TR028.1,전선 케이블 커버(체결부품 5EA) ỐNG RUỘT GÀ LÕI THÉP,ỐNG RUỘT GÀ LÕI THÉP,전선 케이블 커버(체결부품 5EA),Ø22,M,THIẾT BỊ CƠ KHÍ,NEW,1,,
TR028.2,전선 케이블 커버 DÂY VỎ CÁP,DÂY VỎ CÁP,전선 케이블 커버 ,Ø10,M,THIẾT BỊ CƠ KHÍ,NEW,11,,
TR029.1,에어컨 냉각 동파이프 COVER 테잎 BĂNG CUỐN BẢO ÔN (TRẮNG),BĂNG CUỐN BẢO ÔN (TRẮNG),에어컨 냉각 동파이프 COVER 테잎,회색,ROLL,THIẾT BỊ CƠ KHÍ,NEW,5,,
TR029.2,에어컨 냉각 동파이프 COVER 테잎 BĂNG CUỐN BẢO ÔN (ĐỎ),BĂNG CUỐN BẢO ÔN (ĐỎ),에어컨 냉각 동파이프 COVER 테잎 ,빨간색,ROLL,THIẾT BỊ CƠ KHÍ,NEW,12,,
TR030,롤러 실리컨 COVER ỐNG SILICON CHỊU NHIỆT,COVER ỐNG SILICON CHỊU NHIỆT,롤러 실리컨 COVER ,18x12x3 mm,M,THIẾT BỊ CƠ KHÍ,NEW,50,,
TR031.1,TANK잠입용 온도센스 SENSOR (CẢM BIẾN) NHIỆT ĐỘ,(CẢM BIẾN) NHIỆT ĐỘ,TANK잠입용 온도센스 SENSOR,PT100,EA,SENSOR,NEW,5,,
TR031.2,TANK잠입용 온도센스 SENSOR (CẢM BIẾN) NHIỆT ĐỘ,(CẢM BIẾN) NHIỆT ĐỘ,TANK잠입용 온도센스 SENSOR ,PT100,EA,SENSOR,NEW,5,,
TR032,세척기용 RO 필터 LÕI LỌC (FILTER),LÕI LỌC (FILTER) 505*65/28mm * 5μm,전문용 RO 핀505*65/28mm * 5μm,505*65/28mm * 5μm,EA,FILTER,NEW,25,,
TR033,세척기용 RO 필터 LÕI LỌC (FILTER),LÕI LỌC (FILTER) 250*65/28mm * 5μm,전문용 RO 핀250*65/28mm * 5μm,250*65/28mm * 5μm,EA,FILTER,NEW,20,,
TR034.1,세척기 체인컨베어 핀 GHIM CÀI (TO),GHIM CÀI (TO),부품 체인컨베어,(대),EA,THIẾT BỊ CƠ KHÍ,NEW,45,,
TR034.2,세척기 체인컨베어 핀 GHIM CÀI (NHỎ),GHIM CÀI (NHỎ),고기 체인컨베어,(소),EA,THIẾT BỊ CƠ KHÍ,NEW,50,,
TR034.3,자발아 밴드 ĐAI XIẾT, ĐAI XIẾT,자발아 밴드 Da XIẾT,18 x 32,EA,THIẾT BỊ CƠ KHÍ,NEW,50,,
TR034.4,세척기 체인컨베어 샤프트 링 ỐNG LĂN MẮT XÍCH,ỐNG LĂN MẮT XÍCH,내부 체인컨베어 샤프트 링 ,-,EA,THIẾT BỊ CƠ KHÍ,NEW,75,,
TR035.1,BEARING VÒNG BI,VÒNG BI EWHARBL14,베어링,EWHARBL14,EA,BEARING,NEW,10,,
TR035.2,BEARING VÒNG BI,VÒNG BI EWHARBL16,베어링,EWHARBL16,EA,BEARING,NEW,8,,
TR036,디버링 메디아공급 HOSE DÂY MẠNG,HOSE DÂY MẠNG,디버링 메디아 공급 ,9.5MM,M,BEARING,NEW,2,,
TR037,디버링 노즐 거치대 TAY ĐỠ SÚNG PHUN MEDIA,TAY ĐỠ SÚNG PHUN MEDIA,디버링 나비 거치대,BLOCK,SET,THIẾT BỊ CƠ KHÍ,NEW,20,,
TR038.1,디버링 노즐 거치대(앞부분) GIÁ ĐỠ SÚNG PHUN TRƯỚC,GIÁ ĐỠ SÚNG PHUN TRƯỚC,디버링 나비 거치대(앞부분),T: 105*55,EA,THIẾT BỊ CƠ KHÍ,NEW,20,,
TR038.2,디버링 노즐 거치대(중간부분) GIÁ ĐỠ SÚNG PHUN GIỮA,GIÁ ĐỠ SÚNG PHUN GIỮA,디링 나비 거치대(중간버부분),T: 105*55,EA,THIẾT BỊ CƠ KHÍ,NEW,20,,
TR038.3,디버링 노즐 거치대(체결핀) GIÁ ĐỠ VÒI PHUN,GIÁ ĐỠ VÒI PHUN,디링 나비 거치대(체결버핀) ,T: 105*55,EA,THIẾT BỊ CƠ KHÍ,NEW,20,,
TR039.1,SPINDLE,SPINDLE,축,180MM,EA,SPINDLE,NEW,5,,
TR039.2,SPINDLE 오링(고무) GIOANG CAO SU CHỐT SPINDLE,GIOANG CAO SU CHỐT SPINDLE,SPINDLE 오링(고무),"20,30",EA,THIẾT BỊ CƠ KHÍ,NEW,15,,
TR039.3,SPINDLE 오링(철) GIOANG SẮT CHỐT SPINDLE,GIOANG SẮT CHỐT SPINDLE,SPINDLE 오링(철),,EA,THIẾT BỊ CƠ KHÍ,NEW,15,,
TR040.1,메인체인부품(링) ỐNG LỒNG,ỐNG LỒNG,메인체인부품(링),Ø 10MM,EA,THIẾT BỊ CƠ KHÍ,NEW,15,,
TR040.2,스핀들 체결부품 TI XÍCH,TI XÍCH,스핀들 부품,Ø 10MM,EA,THIẾT BỊ CƠ KHÍ,NEW,10,,
TR040.3,메인체인부품(볼트) ĐẦU PHUN,ĐẦU PHUN,메인체인부품(볼트),Ø 12MM,EA,THIẾT BỊ CƠ KHÍ,NEW,20,,
TR040.4,메인체인부품(볼트) ĐẦU BỊT,ĐẦU BỊT,메인체인부품(볼트),Ø 8MM,EA,THIẾT BỊ CƠ KHÍ,NEW,20,,
TR041.1,디버링 노즐 체결품( 배관식파이프) SÚNG PHUN MEDIA (NHÔM),SÚNG PHUN MEDIA (NHÔM),디버링 엘리트 전투기(파이프),AINOTECF4,EA,THIẾT BỊ CƠ KHÍ,NEW,20,,
TR041.2,디버링 노즐 체결품(빨간색) SÚNG PHUN MEDIA (NHỰA),SÚNG PHUN MEDIA (NHỰA),디버링 유령품(빨간색) ,AINOTECF6,EA,THIẾT BỊ CƠ KHÍ,NEW,20,,
TR041.3,디버링 노즐 체결품(회색) DÂY BUỘC VÙI PHUN,DÂY BUỘC VÙI PHUN,디버링 유령품(회색),19*9.5*50.8,EA,THIẾT BỊ CƠ KHÍ,NEW,10,,
TR042.1,스프라켓 LÍP TRỤC SỐ 1-4,LÍP TRỤC SỐ 1-4,스프라켓  1-4,TRỤC SỐ 1-4,EA,THIẾT BỊ CƠ KHÍ,NEW,2,,
TR042.2,스프라켓 LÍP TRỤC SỐ 2-5,LÍP TRỤC SỐ 2-5,스프라켓  2-5,TRỤC SỐ 2-5,EA,THIẾT BỊ CƠ KHÍ,NEW,2,,
TR042.3,스프라켓 LÍP TRỤC SỐ 3-6,LÍP TRỤC SỐ 3-6,스프라켓 3-6,TRỤC SỐ 3-6,EA,THIẾT BỊ CƠ KHÍ,NEW,2,,
TR043.1,BEARING VÒNG BI FL205,VÒNG BI FL205,베어링 FL205,FL205,EA,BEARING,NEW,5,,
TR043.2,BEARING VÒNG BI F205,VÒNG BI F205,베어링 F205,F205,EA,BEARING,NEW,5,,
TR043.3,BEARING VÒNG BI 2510R,VÒNG BI 2510R,베어링 2510R,2510R,EA,BEARING,NEW,2,,
TR043.4,메인체인부품(체결품) ỐC VÍT XÍCH TẢI CHÍNH,ỐC VÍT XÍCH TẢI CHÍNH,메인체인부품(체결품),HC-2100,SET,THIẾT BỊ CƠ KHÍ,NEW,10,,
TR044,메인체인부품(부품단품) THIẾT BỊ PHỤ XÍCH TẢI CHÍNH,THIẾT BỊ PHỤ XÍCH TẢI CHÍNH,메인체인부품(부품단품),HC-2100,EA,THIẾT BỊ CƠ KHÍ,NEW,5,,
TR045.1,세척기 메인체인부품(부품단품) MẮT XÍCH ĐƠN,MẮT XÍCH ĐƠN,부품 메인체인부품(부품단품),9R,EA,THIẾT BỊ CƠ KHÍ,NEW,100,,
TR045.2,세척기 메인체인부품(부품단품) KHÓA XÍCH,KHÓA XÍCH,부품 메인체인부품(부품단품) ,9R-F,EA,THIẾT BỊ CƠ KHÍ,NEW,100,,
TR046,세척기 메인체인부품(체결품) MẮT XÍCH KÉP,MẮT XÍCH KÉP,메인체인부품(체결품) ,18R-D,SET,THIẾT BỊ CƠ KHÍ,NEW,100,,
TR047.1,DINO 카메라 ĐỒ GÁ - TAY ĐỠ 거치대,ĐỒ GÁ- TAY ĐỠ DINO,DINO 카메라 DH 거치대,400*400MM,EA,THIẾT BỊ CƠ KHÍ,NEW,1,,
TR047.2,받침대 ĐÈN SOI,ĐÈN SOI,잔디 던 소이,AM3113T,SET,THIẾT BỊ ĐIỆN,NEW,2,,
TR048.1,LASER용 키보드 BÀN PHÍM MÁY LASER,BÀN PHÍM MÁY LASER,LASER용 키보드 ,GB-T26245-2010,EA,THIẾT BỊ ĐIỆN,NEW,3,,
TR048.2,TRI 분전반 부품 ĐIỆN TRỞ XẢ,ĐIỆN TRỞ XẢ TRI,TRI 분전반 부품,1KW/70,EA,THIẾT BỊ ĐIỆN,NEW,4,,
TR048.3,TRI 로터리 스위치 CÔNG TẮC XOAY,CÔNG TẮC XOAY TRI,TRI 로터리 스위치,CL05589,EA,THIẾT BỊ ĐIỆN,NEW,5,,
TR048.4,수위감지 센스 PHAO CẢM BIẾN MỰC NƯỚC,PHAO CẢM BIẾN MỰC NƯỚC,수위감지 센스,,EA,SENSOR,NEW,5,,
TR049.1,24인치 모니터 MÀN HÌNH NG,MÀN HÌNH 24 INCH NG,24인치 모니터 NG,S24A336LHE,EA,THIẾT BỊ ĐIỆN,NEW,0,,
TR049.2,24인치 모니터 MÀN HÌNH OK,MÀN HÌNH 24 INCH OK,24인치 모니터  OK,S24A336LHE,EA,THIẾT BỊ ĐIỆN,NEW,2,,
TR050.1,금형 부품(BAR) LÕI LỌC,LÕI LỌC BAR,금형부품(BAR),,EA,FILTER,NEW,1,,
TR050.2,금형 부품(상치 볼트) ĐÀU PHUN,ĐẦU PHUN,금형 부품(상치 볼트) ,5006,EA,THIẾT BỊ CƠ KHÍ,NEW,2,,
TR050.3,온도센스 VAM,VAM,온도센스,16A,EA,THIẾT BỊ CƠ KHÍ,NEW,1,,
TR050.4,금형부품 기타 RẮC CẮM,RẮC CẮM,금형부품 기타,380V,EA,THIẾT BỊ ĐIỆN,NEW,1,,
TR050.5,온도센스 ĐAI ỐC GIỮ KHUÔN,ĐAI ỐC GIỮ KHUÔN,온도센스 ,32A,EA,THIẾT BỊ CƠ KHÍ,NEW,4,,
TR051,디버링 MEDIA 방지 블록 BLOCK CHẮN CÁT,BLOCK CHẮN CÁT,디버링 MEDIA 방지 블록 ,PCD재질 제작물120*10MM,EA,THIẾT BỊ CƠ KHÍ,NEW,25,,
TR052.1,메디아 노즐 ỐNG KHÍ THỔI CÁT,ỐNG KHÍ THỔI CÁT,메디아 광고 ,727-15,EA,THIẾT BỊ CƠ KHÍ,NEW,50,,
TR052.2,메디아 노즐 체결부품 ĐAI ỐC GIỮ SÚNG,ĐAI ỐC GIỮ SÚNG,메디아 후보 부품,,EA,THIẾT BỊ CƠ KHÍ,NEW,1,,
TR053.1,구리스 주입건 SÚNG BẮN MỠ,SÚNG BẮN MỠ,구리스는,,EA,KHÁC,NEW,1,,
TR053.2,실리콘 주입건 SÚNG BẮN SILICON,SÚNG BẮN SILICON,실리콘건,,EA,KHÁC,NEW,1,,
TR053.3,실리콘 LỌ SILICON,LỌ SILICON,실리콘 실리콘,,EA,KHÁC,NEW,3,,
TR054.1,온도유지등 소켓 ĐUÔI ĐÈN,ĐUÔI ĐÈN,온도유지등 소켓,150W,EA,THIẾT BỊ ĐIỆN,NEW,5,,
TR054.2,온도유지전등 BÓNG ĐÈN,BÓNG ĐÈN,온도유지전등,150W,EA,THIẾT BỊ ĐIỆN,NEW,5,,
TR054.3,ĐÈN PHILIPS ĐUI XOÁY,ĐÈN PHILIPS ĐUI XOÁY,던 필립스 두이 쏘아이,23W,EA,THIẾT BỊ ĐIỆN,NEW,5,,
TR055.1,케이블 (링브로우 모터 온도) DÂY ĐIỆN CHỊU NHIỆT,DÂY ĐIỆN CHỊU NHIỆT 1X10 MM,케이블(링브로우 모터 온도),1X10 MM,M,THIẾT BỊ ĐIỆN,NEW,50,,
TR055.2,케이블 (링브로우 모터 온도) DÂY ĐIỆN CHỊU NHIỆT,DÂY ĐIỆN CHỊU NHIỆT 1X10 MM,케이블(링브로우 모터 온도),1X10 MM,M,THIẾT BỊ ĐIỆN,NEW,50,,
TR056,인두기 MÁY HÀN THIẾC,MÁY HÀN THIẾC,인두기 ,WT1,EA,THIẾT BỊ CƠ KHÍ,NEW,1,,
TR057,대차바퀴 BÁNH XE,BÁNH XE,대차바퀴,D75,EA,KHÁC,NEW,10,,
TR058.1,케이블 타이 DÂY RÚT NHỰA TRẮNG,DÂY RÚT NHỰA TRẮNG 200MM,케이블 타이 200MM,200MM,EA,KHÁC,NEW,1,,
TR058.2,케이블 타이 DÂY RÚT NHỰA TRẮNG,DÂY RÚT NHỰA TRẮNG 300MM,케이블 타이 300MM,300MM,SET,KHÁC,NEW,1,,
TR058.3,케이블 타이 DÂY RÚT NHỰA TRẮNG,DÂY RÚT NHỰA TRẮNG 400MM,케이블 타이 400MM,400MM,EA,KHÁC,NEW,1,,
TR059.1,피스 ỐC VÍT TỰ KHOAN,ỐC VÍT TỰ KHOAN,피스 ,3X19MM,BOX,THIẾT BỊ CƠ KHÍ,NEW,1,,
TR059.2,앙카 SET ỐC VÍT KHOAN BÊ TÔNG,SET ỐC VÍT KHOAN BÊ TÔNG,앙카,Ø 8MM,SET,THIẾT BỊ CƠ KHÍ,NEW,10,,
TR059.3,개폐 식별 표 VAN ĐÓNG MỞ,VAN ĐÓNG MỞ,개폐류 식별 표,64*5MM,EA,THIẾT BỊ CƠ KHÍ,NEW,15,,
TR060.1,디버링 공기 압력 게이지 ĐỒNG HỒ ÁP SUẤT KHÍ TỔNG,ĐỒNG HỒ ÁP SUẤT KHÍ TỔNG,디버링 공기 압력 게이지,YKMAKI 0-1Mpa,EA,AIR PRESSURE SYSTEM,NEW,3,,
TR060.2,디버링 차압계 ĐỒNG HỒ ÁP SUẤT KHÍ (DUST),ĐỒNG HỒ ÁP SUẤT KHÍ (DUST),디버링 차압계,KILS,EA,AIR PRESSURE SYSTEM,NEW,3,,
TR060.3,디버링디지털압력 게이지 ĐỒNG HỒ ÁP SUẤT KHÍ CŨ,ĐỒNG HỒ ÁP SUẤT KHÍ CŨ,디버링 디지털 압력 점수,DP101,EA,AIR PRESSURE SYSTEM,NEW,0,,
TR060.4,디버링디지털압력 게이지 ĐỒNG HỒ ÁP SUẤT KHÍ MỚI,ĐỒNG HỒ ÁP SUẤT KHÍ MỚI,디버링 디지털 압력 점수 ,DP101,EA,AIR PRESSURE SYSTEM,NEW,3,,
TR061.1,CARBON 플레이트 BẢN LỀ,BẢN LỀ ,카본 플레이트 ,INOX 316N,EA,THIẾT BỊ CƠ KHÍ,NEW,10,,
TR061.2,CARBON 체결볼트 ỐC VÍT TITAN,ỐC VÍT TITAN M17,CARBON 생명체볼트,M17,SET,THIẾT BỊ CƠ KHÍ,NEW,20,,
TR061.3,TITAN RACK 체결볼트 ỐC VÍT TITAN,ỐC VÍT TITAN A270,TITAN RACK 볼트,A270,SET,THIẾT BỊ CƠ KHÍ,NEW,20,,
TR062.1,직쏘 MÁY CẮT TAY,MÁY CẮT TAY,직쏘 ,BOCHGMSGW,SET,THIẾT BỊ CƠ KHÍ,NEW,1,,
TR062.2,핸드글라이드 MÁY MÀI,MÁY MÀI,핸드글라이드,GWS12-125,SET,THIẾT BỊ CƠ KHÍ,NEW,1,,
TR062.3,PHÀO,PHÀO,,,EA,THIẾT BỊ CƠ KHÍ,NEW,1,,
TR063.1,리드선 Ổ CẮM ĐIỆN,Ổ CẮM ĐIỆN,리드선,LIOA RULO 20M,SET,THIẾT BỊ ĐIỆN,NEW,1,,
TR063.2,멀티탭 Ổ CẮM ĐIỆN,Ổ CẮM ĐIỆN,멀티탭,8구,EA,THIẾT BỊ ĐIỆN,NEW,1,,
TR064.1,전기용접기 MÁY HÀN SẮT,MÁY HÀN SẮT,전기용접기,A200,EA,THIẾT BỊ CƠ KHÍ,NEW,1,,
TR064.2,보호안경 KÍNH BẢO VỆ,KÍNH BẢO VỆ,보호안경,A200,EA,KHÁC,NEW,1,,
TR065,아크릴용접기 MÁY HÀN NHỰA,MÁY HÀN NHỰA,아크릴용접기,KOREA,EA,THIẾT BỊ CƠ KHÍ,NEW,1,,
TR066,탁상 글라이드 MÁY CẮT BÀN,MÁY CẮT BÀN,탁상 글라이드,BTECBT355,EA,THIẾT BỊ CƠ KHÍ,NEW,1,,
TR067.1,핸드드릴 MÁY KHOAN BÊ TÔNG,MÁY KHOAN BÊ TÔNG,핸드드릴,GVH2VP28B,EA,THIẾT BỊ CƠ KHÍ,NEW,1,,
TR067.2,배관용접기 MÁY KHÒ ỐNG NHỰA,MÁY KHÒ ỐNG NHỰA,파이프용접기 ,800/1500 W,EA,THIẾT BỊ CƠ KHÍ,NEW,1,,
TR068.1,핸드 브러쉬기 MÁY CHÀ THÀNH ĐỒNG,MÁY CHÀ THÀNH ĐỒNG,핸드 브러시기 ,M9204B,EA,THIẾT BỊ CƠ KHÍ,NEW,1,,
TR068.2,VAN D50,VAN D50,밴 D50,,EA,THIẾT BỊ CƠ KHÍ,NEW,5,,
TR069.1,용접 앞면보후구 MO HÀN,MO HÀN,용접 방식후구,-,EA,THIẾT BỊ CƠ KHÍ,NEW,1,,
TR069.2,RO수 PH측정기 MÁY ĐO NƯỚC RO,MÁY ĐO NƯỚC RO,RO수 PH 측정기 ,ORION AQ3700,EA,THIẾT BỊ ĐO,NEW,1,,
TR070.1,글라이드 날 ĐÁ CẮT,ĐÁ CẮT,글라이드 날,125X6X22 MM,EA,KHÁC,NEW,10,,
TR070.2,글라이드 날 ĐÁ MÀI,ĐÁ MÀI,글라이드 날 다무이,125X2X22 MM,EA,KHÁC,NEW,10,,
TR070.3,글라이드 날 ĐÁ MÀI XẾP,ĐÁ MÀI XẾP,글라이드 날 ,100X16 MM,EA,KHÁC,NEW,10,,
TR071.1,글라이드 날 ĐÁ CẮT TO,ĐÁ CẮT TO,글라이드 날,350 MM,EA,KHÁC,NEW,3,,
TR071.2,글라이드 날 LƯỠI CẮT GỖ,LƯỠI CẮT GỖ,글라이드 날,355X2.8X25.4 MM,EA,KHÁC,NEW,1,,
TR072.1,PCV배관 엘보 CUT ỐNG CONG,CUT ỐNG CONG 60,PCV배관 엘보 ,60,EA,THIẾT BỊ CƠ KHÍ,NEW,5,,
TR072.2,PCV배관 엘보 CUT ỐNG CONG,CUT ỐNG CONG 48,PCV배관 엘보 ,48,EA,THIẾT BỊ CƠ KHÍ,NEW,5,,
TR072.3,PCV배관 T자 CUT ỐNG CHẠC 3,CUT ỐNG CHẠC 3,PCV배관 T자,48,EA,THIẾT BỊ CƠ KHÍ,NEW,5,,
TR072.4,PCV배관 ỐNG NỐI,ỐNG NỐI 60,PCV배관 ,60,EA,THIẾT BỊ CƠ KHÍ,NEW,3,,
TR072.5,PCV배관 ỐNG NỐI,ỐNG NỐI 48,PCV배관 ,48,EA,THIẾT BỊ CƠ KHÍ,NEW,3,,
TR072.6,MẶT BÍCH HÀN NHIỆT,MẶT BÍCH HÀN NHIỆT,맷 비치 한 니트,Ø34,EA,THIẾT BỊ CƠ KHÍ,NEW,5,,
TR073.1,PCV배관 밸브Ø34 VAN Ø34,VAN PVC Ø34,PCV배관 카트리지Ø34,34,SET,THIẾT BỊ CƠ KHÍ,NEW,5,,
TR073.2,T형 엘보 Ø34 T Ø34,T Ø34,T형 엘보 Ø34,34,EA,THIẾT BỊ CƠ KHÍ,NEW,5,,
TR073.3,ㄱ형 엘보 Ø34 CUT ỐNG CONG #34,CUT ỐNG CONG #34,ㄱ형 엘보 Ø34,34,EA,THIẾT BỊ CƠ KHÍ,NEW,5,,
TR073.4,PVC연결부품 Ø34 ĐẦU NỐI Ø34,ĐẦU NỐI Ø34,PVC연결부품 Ø34,34,EA,THIẾT BỊ CƠ KHÍ,NEW,5,,
TR073.5,PVC연결부품 Ø42 KHỚP NỐI Ø42,KHỚP NỐI Ø42,PVC연결부품 Ø42,42,EA,THIẾT BỊ CƠ KHÍ,NEW,2,,
TR073.6,PVC연결부품I Ø34,I Ø34,PVC연결부품I Ø34,34,EA,THIẾT BỊ CƠ KHÍ,NEW,5,,
TR073.7,PCV밸브 부품 KHỚP NỐI Ø34,KHỚP NỐI Ø34,PCV 밸브 부품 Ø34,-,EA,THIẾT BỊ CƠ KHÍ,NEW,5,,
TR074.1,PVC연결부품 RẮC CO THẲNG,RẮC CO THẲNG,PVC 연결부품,50,EA,THIẾT BỊ CƠ KHÍ,NEW,5,,
TR074.2,T형 엘보 Ø50,T Ø50,T형 엘보 Ø50,50,EA,THIẾT BỊ CƠ KHÍ,NEW,5,,
TR074.3,PVC연결부품(파이프) ỐNG NỐI,ỐNG NỐI 50,PVC연결부품(파이프),50,EA,THIẾT BỊ CƠ KHÍ,NEW,5,,
TR074.4,ㄱ형 엘보 Ø50 CUT ỐNG CONG,CUT ỐNG CONG Ø50,ㄱ형 엘보 Ø50,50,EA,THIẾT BỊ CƠ KHÍ,NEW,5,,
TR074.5,ㄱ형 엘보 Ø50 RẮC CO VUÔNG,RẮC CO VUÔNG Ø50,ㄱ형 엘보 Ø50,50,EA,THIẾT BỊ CƠ KHÍ,NEW,5,,
TR074.6,MĂNG SÔNG,MĂNG SÔNG,밍송,,EA,THIẾT BỊ CƠ KHÍ,NEW,5,,
TR074.7,CỒN THU,CỒN THU,목목,,EA,THIẾT BỊ CƠ KHÍ,NEW,3,,
TR075.1,밸브 Ø40 VAN, VAN Ø40 ,Ø40밸브,40,EA,THIẾT BỊ CƠ KHÍ,NEW,5,,
TR075.2,밸브 Ø50 VAN, VAN Ø50,Ø50 밸브,50,EA,THIẾT BỊ CƠ KHÍ,NEW,5,,
TR075.3,밸브 Ø25 VAN, VAN Ø25,Ø25 밸브 ,25,EA,THIẾT BỊ CƠ KHÍ,NEW,5,,
TR075.4,밸브 Ø15 VAN, VAN Ø15,Ø15 밸브 ,15,EA,THIẾT BỊ CƠ KHÍ,NEW,3,,
TR076.1,컨베어 스피드 컨트롤 박스 BIẾN TẦN BĂNG TẢI,BIẾN TẦN BĂNG TẢI 90W,컨베어 위험 상자 90W,90 W,M,SENSOR,NEW,4,,
TR076.2,컨베어 스피드 컨트롤 박스 BIẾN TẦN BĂNG TẢI,BIẾN TẦN BĂNG TẢI 120W,컨베어 위험 상자 120W,120 W,EA,SENSOR,NEW,4,,
TR076.3,컨베어 스피드 컨트롤 박스 (SET) BIẾN TẦN BĂNG TẢI,BIẾN TẦN BĂNG TẢI 180W,컨베어 위험 상자 (SET)  180W,180 W,SET,SENSOR,NEW,2,,
TR077.1,진공 포장기 주입구 ỐNG HÚT PACKING,ỐNG HÚT PACKING,진공청소기,-,EA,THIẾT BỊ CƠ KHÍ,NEW,3,,
TR077.2,TRI AIR 주입구 ỐNG XỊT KHÍ UNLOADING TRI,ỐNG XỊT KHÍ UNLOADING TRI,TRI AIR 적구 ,-,EA,THIẾT BỊ CƠ KHÍ,NEW,2,,
TR078.1,SOLENOID VALVE VAN ĐIỆN TỪ BỂ SẤY,VAN ĐIỆN TỪ BỂ SẤY,솔레노이드 밸브,STLCTG 2522-08 0.15-0.8 MPA,EA,THIẾT BỊ CƠ KHÍ,NEW,5,,
TR078.2,TRI 건조탱크 개폐장치 XILANH BỂ SẤY,XILANH BỂ SẤY,TRI 건조탱크 개폐장치,TGM 32X100,EA,THIẾT BỊ CƠ KHÍ,NEW,5,,
TR078.3,건조기 온도SENSOR XILANH BỂ SẤY,SENSOR XILANH BỂ SẤY,건조기 온도,STLCCS1-S,EA,SENSOR,NEW,5,,
TR079.1,건조TANK 개폐부품 CON LĂN BỂ SẤY,CON LĂN BỂ SẤY,건조TANK 개폐부품,Ø32 MM,EA,THIẾT BỊ CƠ KHÍ,NEW,5,,
TR079.2,냉각펜 부품( 우레탄 구동부) CON LĂN QUẠT MÁT,CON LĂN QUẠT MÁT,냉각펜 부품( 우레탄 구동부) ,Ø32 MM,EA,THIẾT BỊ CƠ KHÍ,NEW,5,,
TR079.3,TRI 동부스바 냉각펜 구동바퀴(우레탄) CON LĂN XE RACK,CON LĂN XE RACK,TRI 내장스바 베어링 구동바퀴,-,EA,THIẾT BỊ CƠ KHÍ,NEW,5,,
TR080.1,컨베어 체결부품 GỐI ĐỠ VÒNG BI BĂNG TẢI,GỐI ĐỠ VÒNG BI BĂNG TẢI,컨베어 부품 ,6003-2Z,SET,THIẾT BỊ CƠ KHÍ,NEW,4,,
TR080.2,컨베어 체결부품(축) GỐI ĐỠ CON LĂN BĂNG TẢI,GỐI ĐỠ CON LĂN BĂNG TẢI,컨베어 부품부품(축),-,SET,THIẾT BỊ CƠ KHÍ,NEW,4,,
TR080.3,컨베어부품 TAY ĐỠ CON LĂN BĂNG TẢI,TAY ĐỠ CON LĂN BĂNG TẢI,컨베어 부품 ,-,EA,THIẾT BỊ CƠ KHÍ,NEW,4,,
TR081.1,에어 필터 (레큘레이트) CỦ LỌC KHÍ,CỦ LỌC KHÍ,에어필터(레큘레이트),1.0 MPA,EA,FILTER,NEW,3,,
TR081.2,디버링 배관부품 ĐƯỜNG ỐNG MÁY,ĐƯỜNG ỐNG MÁY,디버링 파이프 부품,,EA,THIẾT BỊ CƠ KHÍ,NEW,,,
TR081.3,디버링 배기에어센스 VAN ĐIỆN TỪ MÁY DUST,VAN ĐIỆN TỪ MÁY DUST,디버링 배기에어센스,AC 200V-50HZ,EA,THIẾT BỊ ĐIỆN,NEW,3,,
TR082.1,FITTING ZEN 10/Ø6,FITTING ZEN 10/Ø6,입어 보기 ZEN 10/Ø6,ZEN 10/Ø6,EA,THIẾT BỊ CƠ KHÍ,NEW,2,,
TR082.2,FITTING T3,FITTING T3,피팅 T3,Ø10,EA,THIẾT BỊ CƠ KHÍ,NEW,2,,
TR082.3,FITTING NỐI Ø8-Ø6,FITTING NỐI Ø8-Ø6,피팅 니 Ø8-Ø6,Ø8-Ø6,EA,THIẾT BỊ CƠ KHÍ,NEW,2,,
TR082.4,FITTING 19/Ø16,FITTING ZEN 19/Ø16,입어 보기 ZEN 19/Ø16,ZEN 19/Ø16,EA,THIẾT BỊ CƠ KHÍ,NEW,2,,
TR082.5,FITTING NỐI Ø6-Ø6,FITTING NỐI Ø6-Ø6,피팅 니 Ø6-Ø6,Ø6-Ø6,EA,THIẾT BỊ CƠ KHÍ,NEW,2,,
TR082.6,FITTING KHÓA,FITTING KHÓA,피팅 코아,ZEN 8/Ø8,EA,THIẾT BỊ CƠ KHÍ,NEW,2,,
TR083.1,경첩 BẢN LỀ CỬA BỂ SẤY,BẢN LỀ CỬA BỂ SẤY,경첩,120X3 MM,SET,THIẾT BỊ CƠ KHÍ,NEW,5,,
TR083.2,문 잠금장치 TAY KHÓA CỬA VÍT CHÌM,TAY KHÓA CỬA VÍT CHÌM,문 잠금장치 ,대,SET,THIẾT BỊ CƠ KHÍ,NEW,2,,
TR083.3,문 잠금장치 CHỐT CỬA DEBURRING,CHỐT CỬA DEBURRING,문 잠금 장치,소,EA,THIẾT BỊ CƠ KHÍ,NEW,5,,
TR084,디버링 메디어 유출방지 테이프 BĂNG DÍNH NHÔM,BĂNG DÍNH NHÔM,디버링 메디어 이온방지 테이프,48X5000 MM,ROLL,KHÁC,NEW,10,,
TR085.1,DEBURRING체인 XÍCH TẢI DEBURRING SIZE 35,XÍCH TẢI DEBURRING SIZE 35,디버링 체인  SIZE 35,SIZE 35,M,THIẾT BỊ CƠ KHÍ,NEW,2,,
TR085.2,DEBURRING체인 XÍCH TẢI DEBURRING SIZE 40,XÍCH TẢI DEBURRING SIZE 40,디버링 체인  SIZE 40,SIZE 40,M,THIẾT BỊ CƠ KHÍ,NEW,3,,
TR085.3,DEBURRING체인 XÍCH TẢI 3 TẦNG,XÍCH TẢI 3 TẦNG,디버링 체인 ,SIZE 40,M,THIẾT BỊ CƠ KHÍ,NEW,3,,
TR086,DEBURRING MIDIA 공급호스 ỐNG PHUN MEDIA SILICON,ỐNG PHUN MEDIA SILICON,DEBURRING MIDIA 공급업체 ,Ø29,M,THIẾT BỊ CƠ KHÍ,NEW,25,,
TR087.1,밸브 Ø16 VAN KHÓA KHÍ Ø16,VAN KHÓA KHÍ Ø16,밸브Ø16,Ø16,EA,THIẾT BỊ CƠ KHÍ,NEW,5,,
TR087.10,MEDIA호수 체결부품 ĐẦU LẮP ỐNG KHÍ PHUN MEDIA,ĐẦU LẮP ỐNG KHÍ PHUN MEDIA,MEDIA호수 부품,ZEN21,EA,THIẾT BỊ CƠ KHÍ,NEW,5,,
TR087.11,VAN ĐIỆN TỪ DEBURRING밸브,VAN ĐIỆN TỪ DEBURRING,디버링 밸브,-,EA,THIẾT BỊ ĐIỆN,NEW,3,,
TR087.12,디버링 배관부품 BLOCK THỔI KHÍ,BLOCK THỔI KHÍ,디버링 배관 부품,-,EA,THIẾT BỊ CƠ KHÍ,NEW,5,,
TR087.2,MEDIA 배관부품 ỐC ĐẦU BỊT PHỄU MEDIA,ỐC ĐẦU BỊT PHỄU MEDIA,MEDIA 배관 부품 ,150X304,EA,THIẾT BỊ CƠ KHÍ,NEW,6,,
TR087.3,세척기 배관부품 T 자 엘보 Ø34 T KẼM Ø34,T KẼM Ø34,부식부품 T 자 엘보 Ø34,Ø34,EA,THIẾT BỊ CƠ KHÍ,NEW,2,,
TR087.4,세척기 배관부품ㄱ자 엘보 Ø34 CUT CONG KẼM Ø34,CUT CONG KẼM Ø34,조각부품 ㄱ자 엘보 Ø34 CUT,Ø34,EA,THIẾT BỊ CƠ KHÍ,NEW,2,,
TR087.5,세척기 배관부품 ỐNG KẼM Ø34,ỐNG KẼM Ø34,내부구조 부품  Ø34,Ø34,EA,THIẾT BỊ CƠ KHÍ,NEW,2,,
TR087.6,세척기 배관부품 CUT NỐI KẼM,CUT NỐI KẼM,부식부품 CUT,Ø21-Ø34,EA,THIẾT BỊ CƠ KHÍ,NEW,2,,
TR087.7,RO수 밸브 VAN CHỮ Y KẼM Ø34,VAN CHỮ Y KẼM Ø34,RO수 밸브 Y,Ø34,EA,THIẾT BỊ CƠ KHÍ,NEW,5,,
TR087.8,RO수 밸브 VAN KHÓA ỐNG NƯỚC CẤP,VAN KHÓA ỐNG NƯỚC CẤP,RO수 밸브 ,Ø42,EA,THIẾT BỊ CƠ KHÍ,NEW,1,,
TR087.9,RO수 밸브 VAN CHỮ Y ỐNG NƯỚC THẢI,VAN CHỮ Y ỐNG NƯỚC THẢI,RO수 밸브 Y,Ø42,EA,THIẾT BỊ CƠ KHÍ,NEW,1,,
TR088.1,TRI 공압벨브(공통사용) VAN ĐIỆN TỪ ỐNG NHIỆT HÓA CHẤT,VAN ĐIỆN TỪ ỐNG NHIỆT HÓA CHẤT,TRI 공압벨브(공통사용) ,AC 200V-Ø34,EA,THIẾT BỊ CƠ KHÍ,NEW,5,,
TR088.2,TRI 온수기 공압벨브 VAN ĐIỆN TỪ ỐNG NHIỆT NƯỚC NÓNG,VAN ĐIỆN TỪ ỐNG NHIỆT NƯỚC NÓNG,TRI의 이슈 공압벨브 ,AC 200V-Ø34,EA,THIẾT BỊ CƠ KHÍ,NEW,5,,
TR089,디버링 컨베이어 모터 MOTOR XÍCH TẢI,MOTOR XÍCH TẢI,디버링 경계 모터 ,3AC 106V 5.2A,EA,MOTOR,NEW,2,,
TR090,CDC 컨베이어 모터 MOTOR BĂNG TẢI,MOTOR BĂNG TẢI,CDC 가변 모터 ,M590-502,EA,MOTOR,NEW,2,,
TR091,탁상용 바이스 ETO,ETO,탁상용 바이스 ETO,VNC-125H,EA,THIẾT BỊ ĐIỆN,NEW,1,,
TR092,여과기 필터LỌC TRI TO,LỌC TRI TO,여과기 필터,220X810 MM,EA,FILTER,NEW,5,,
TR093,여과기 필터LỌC TRI TO,LỌC TRI TO,여과기 필터,220X810 MM,EA,FILTER,NEW,5,,
TR094,산활성화필터LỌC ACID NHỎ,LỌC ACID NHỎ,산활성화필터,180 X 810 MM,EA,FILTER,NEW,5,,
TR095,산활성화필터LỌC ACID NHỎ,LỌC ACID NHỎ,산활성화필터,180 X 810 MM,EA,FILTER,NEW,5,,
TR096,TÚI VẢI THANH CARBON여과포,TÚI VẢI THANH CARBON, CARBON여과포,200 X 1000 MM,EA,FILTER,NEW,20,,
TR097,TÚI VẢI THANH CARBON여과포,TÚI VẢI THANH CARBON, CARBON여과포,200 X 1000 MM,EA,FILTER,NEW,20,,
TR098.1,스폰지사포GIẤY NHÁM XỐP VUÔNG,GIẤY NHÁM XỐP VUÔNG,먼지사포,100 X 150 MM,EA,KHÁC,NEW,10,,
TR098.2,원형브러쉬 사포GIẤY NHÁM TRÒN,GIẤY NHÁM TRÒN,원형브러쉬 사포,-,EA,KHÁC,NEW,12,,
TR099.1,ĐÈN 3 MÀU 3색등,ĐÈN 3 MÀU , 3색등,STL025-D51-3-1-N,SET,THIẾT BỊ ĐIỆN,NEW,2,,
TR099.2,BÓNG ĐÈN 10W 디버링 전구,BÓNG ĐÈN 10W , DN 10W 디버링 전구,G-18 PA15S,EA,THIẾT BỊ ĐIỆN,NEW,15,,
TR099.3,BÓNG ĐÈN 7W디버링 전구,BÓNG ĐÈN 7W,DN 7W디버링 전구,G-18 PA15S,EA,THIẾT BỊ ĐIỆN,NEW,5,,
TR099.4,ĐÈN BÁO DI CHUYỂN CARRIER 경광등,ĐÈN BÁO DI CHUYỂN CARRIER ,돈 바오 디 경광등,T060-PFA11R-D,EA,THIẾT BỊ ĐIỆN,NEW,5,,
TR099.5,ĐÈN ĐỊNH HƯỚNG CARRIER 위치감지센스,ĐÈN ĐỊNH HƯỚNG CARRIER,위치감지센스,SH-60P,EA,THIẾT BỊ ĐIỆN,NEW,2,,
TR099.6,CỤC SẤY NHIỆT MÁY HÀN 전동공구 속도조절용,CỤC SẤY NHIỆT MÁY HÀN, 전동공구 속도 조절용,JF-2000,EA,THIẾT BỊ ĐIỆN,NEW,2,,
TR099.7,BỘ GIẢM TỐC CARRIER 부품,BỘ GIẢM TỐC CARRIER ,CARRIER 부품,DC90108V,EA,THIẾT BỊ ĐIỆN,NEW,2,,
TR099.8,BỘ GIẢM TỐC CARRIER 부품,BỘ GIẢM TỐC CARRIER, CARRIER 부품,DM200P,EA,THIẾT BỊ ĐIỆN,NEW,2,,
TR099.9,CẦU CHÌ MÁY CHỈNH LƯU정류기부품,CẦU CHÌ MÁY CHỈNH LƯU,정류기부품,660GH63SUL,EA,THIẾT BỊ ĐIỆN,NEW,5,,
TR100.1,ENCOADER (AUTONICS) CARRIER,ENCOADER (AUTONICS) CARRIER,ENCOADER (AUTONICS) CARRIER부품,E40H121024-6-L-24,EA,SENSOR,NEW,5,,
TR100.2,ENCOADER (AUTONICS) CẢM BIẾN QUANG CARRIER부품,ENCOADER (AUTONICS) CẢM BIẾN QUANG CARRIER,ENCOADER (AUTONICS) CARRIER부품,BEN-300,EA,SENSOR,NEW,2,,
TR100.3,BỘ ĐỊNH THỜI GIAN 디지털 게이지(온도),BỘ ĐỊNH THỜI GIAN ,디지털 계수(온도),T21-3-4A20,EA,THIẾT BỊ ĐIỆN,NEW,1,,
TR100.4,BỘ ĐIỀU CHỈNH NHIỆT ĐỘ TỦ ĐIỆN TRI 시간 측정부품,BỘ ĐIỀU CHỈNH NHIỆT ĐỘ TỦ ĐIỆN TRI ,시간측정부품,24ABAG21L149,EA,THIẾT BỊ ĐIỆN,NEW,5,,
TR100.5,ROLE TỦ ĐIỆN (케리어분전반),ROLE TỦ ĐIỆN ,케리어분전반,21L118C2,EA,THIẾT BỊ ĐIỆN,NEW,2,,
TR100.6,CẦU ĐẤU TỦ ĐIỆN (케리어분전반부품),CẦU ĐẤU TỦ ĐIỆN,케리어분전반부품,RXZE1M4C,EA,THIẾT BỊ ĐIỆN,NEW,5,,
TR101.1,SENSOR CARRIER,SENSOR CARRIER,센서 캐리어,PRD18-14DN,M,SENSOR,NEW,3,,
TR101.2,SENSOR BÁO MỰC NƯỚC수위감지,SENSOR BÁO MỰC NƯỚC,수위감지,EE-H-SPX613,M,SENSOR,NEW,5,,
TR101.3,BỘ ĐẾM THỜI GIAN TỦ ĐIỆN CHUYỀN LASER 시간타임머,BỘ ĐẾM THỜI GIAN TỦ ĐIỆN CHUYỀN LASER ,시간타임머,FS-N18L,M,THIẾT BỊ ĐIỆN,NEW,3,,
TR101.4,CẢM BIẾN TIẾP NHẬN LASER센스 부품,CẢM BIẾN TIẾP NHẬN LASER,센스 부품,-,EA,SENSOR,NEW,2,,
TR101.5,SENSOR CỬA DEBURRING 전용 케이블,SENSOR CỬA DEBURRING ,최종 케이블,LE11-SAO3,SET,SENSOR,NEW,3,,
TR102.1,사출부품VÒNG NHIỆT 스크류 커버 Ø50,VÒNG NHIỆT Ø50,심사부품스크류 커버 Ø50,Ø50,EA,THIẾT BỊ CƠ KHÍ,NEW,3,,
TR102.2,사출부품VÒNG NHIỆT Ø40,VÒNG NHIỆT Ø40,심사부품  Ø40,Ø40,EA,THIẾT BỊ CƠ KHÍ,NEW,3,,
TR102.3,사출부품VÒNG NHIỆT Ø35,VÒNG NHIỆT Ø35,심사부품  Ø35,Ø35,EA,THIẾT BỊ CƠ KHÍ,NEW,3,,
TR102.4,사출부품QUE NHIỆT MOLD 온도센서,QUE NHIỆT MOLD,우수부품 온도센서,-,EA,THIẾT BỊ CƠ KHÍ,NEW,2,,
TR102.5,사출부품DÂY DẪN DẦU 온유기 호수,DÂY DẪN DẦU,우수부품온유기나무,Ø35,EA,THIẾT BỊ CƠ KHÍ,NEW,2,,
TR102.6,사출부품CẦU ĐẤU ĐIỆN 금형부품,CẦU ĐẤU ĐIỆN,심사부품금형부품,-,EA,THIẾT BỊ ĐIỆN,NEW,2,,
TR102.7,사출부품ĐẦU PHUN NHỰA,ĐẦU PHUN NHỰA,심사부품 ,-,EA,THIẾT BỊ CƠ KHÍ,NEW,2,,
TR102.8,사출부품DÂY CẶP NHIỆT ĐỘ 센스 케이블,DÂY CẶP NHIỆT ĐỘ ,심사부품 센스 케이블,WRL-31-2000 MM,EA,THIẾT BỊ CƠ KHÍ,NEW,2,,
TR102.9,ĐẦU NÒNG CẢO,ĐẦU NÒNG CẢO,다우농까오,HTF150B-01-02B-501004XA,EA,THIẾT BỊ CƠ KHÍ,NEW,2,,
TR103.1,ĐẦU COSE TỦ ĐIỆN (케이블 압착터미널)Ø35-10,ĐẦU COSE TỦ ĐIỆN Ø35-10,케이블 압착 터미널Ø35-10,Ø35-10,EA,THIẾT BỊ ĐIỆN,NEW,25,,
TR103.2,ĐẦU COSE TỦ ĐIỆN (케이블 압착터미널) Ø10-6,ĐẦU COSE TỦ ĐIỆN Ø10-6,케이블 압착 터미널 Ø10-6,Ø10-6,EA,THIẾT BỊ ĐIỆN,NEW,25,,
TR103.3,ĐẦU COSE TỦ ĐIỆN (케이블 압착터미널) Ø6-55,ĐẦU COSE TỦ ĐIỆN Ø6-55,케이블 압착 터미널 Ø6-55,Ø6-55,EA,THIẾT BỊ ĐIỆN,NEW,25,,
TR103.4,ĐẦU COSE TỦ ĐIỆN (케이블 압착터미널)Ø1.5-32,ĐẦU COSE TỦ ĐIỆN Ø1.5-32,케이블 압착 터미널 Ø1.5-32,Ø1.5-32,EA,THIẾT BỊ ĐIỆN,NEW,25,,
TR103.5,ĐẦU COSE TỦ ĐIỆN (케이블 압착터미널)Ø2.5-43,ĐẦU COSE TỦ ĐIỆN Ø2.5-43,케이블 압착 터미널Ø2.5-43,Ø2.5-43,EA,THIẾT BỊ ĐIỆN,NEW,25,,
TR104.1,BI TRỤC QUẠT BLOWER(베어링) 6209-2Z,BI TRỤC QUẠT BLOWER 6209-2Z,베어링 6209-2Z,6209-2Z,EA,BEARING,NEW,5,,
TR104.2,BI TRỤC BĂNG TẢI(베어링)6204-2Z,BI TRỤC QUẠT BLOWER 6204-2Z,베어링6204-2Z,6204-2Z,EA,BEARING,NEW,5,,
TR104.3,BI TRỤC BĂNG TẢI(베어링)6303-2Z,BI TRỤC QUẠT BLOWER 62303-2Z,베어링6303-2Z,6303-2Z,EA,BEARING,NEW,5,,
TR104.4,BI TRỤC BĂNG TẢI(베어링)6200-2Z,BI TRỤC QUẠT BLOWER 6200-2Z,베어링6200-2Z,6200-2Z,M,BEARING,NEW,5,,
TR104.5,BI TRỤC BĂNG TẢI(베어링)6000-2Z,BI TRỤC QUẠT BLOWER 6000-2Z,베어링6000-2Z,6000-2Z,M,BEARING,NEW,5,,
TR104.6,BI TRỤC BĂNG TẢI(베어링)6302Z-ZCM,BI TRỤC QUẠT BLOWER 6302Z-ZCM,베어링6302Z-ZCM,6302Z-ZCM,EA,BEARING,NEW,5,,
TR104.7,BI TRỤC BĂNG TẢI(베어링)6204Z-ZCM,BI TRỤC QUẠT BLOWER 6204Z-ZCM,베어링6204Z-ZCM,6204Z-ZCM,EA,BEARING,NEW,5,,
TR105,FILTER BLOWER 320*90MM,FILTER BLOWER 320*90MM,필터 송풍기 320*90MM,320*90MM,EA,FILTER,NEW,2,,
TR106,FILTER BLOWER 320*90MM,FILTER BLOWER 320*90MM,필터 송풍기 320*90MM,320*90MM,EA,FILTER,REPAIR,2,,
TR107,PVC 용접봉 QUE HÀN PVC,QUE HÀN PVC,PVC 용접봉,320*90MM,BOX,KHÁC,REPAIR,1,,
TR108.1,안전 SENSOR ĐÈN TÍN HIỆU,SENSOR ĐÈN TÍN HIỆU,안전 센서,PWB-08T,SET,SENSOR,REPAIR,2,,
TR108.2,도어SENSOR CỬA,SENSOR CỬA,도어센서,BJ100-DDT,EA,SENSOR,REPAIR,5,,
TR108.3,PIN PLC건전지,PIN PLC,PIN PLC건전지,CR17335SE-R,EA,THIẾT BỊ ĐIỆN,REPAIR,5,,
TR108.4,CẢM BIẾN ÁP SUẤT(센스 게이지류),CẢM BIẾN ÁP SUẤT,센스 지수류,SNS-C130,EA,SENSOR,REPAIR,2,,
TR108.5,PCV 히터(용접기 부품) MÁY HÀN NHỰA,MÁY HÀN NHỰA,PCV 히터(용접기 부품) ,,EA,THIẾT BỊ CƠ KHÍ,REPAIR,1,,
TR109,ỐNG CO NHIỆT 케이블 수축 튜브(검은색),ỐNG CO NHIỆT ,케이블 수축튜브(검은색),Ø8MM,M,THIẾT BỊ CƠ KHÍ,REPAIR,1,,
TR110,ỐNG LỒNG ĐẦU COSE ĐIỆN 튜브 넘버링,ỐNG LỒNG ĐẦU COSE ĐIỆN,튜브 넘버링,Ø8MM,ROLL,THIẾT BỊ CƠ KHÍ,REPAIR,1,,
TR111.1,KÌM NƯỚC 파이프렌지,KÌM NƯỚC 24'',파이프렌지,24'',EA,THIẾT BỊ CƠ KHÍ,REPAIR,1,,
TR111.2,KÌM NƯỚC 파이프렌지,KÌM NƯỚC 8'', 파이프렌지,8'',EA,THIẾT BỊ CƠ KHÍ,REPAIR,1,,
TR111.3,VAM 3 CHÂN(바이스류),VAM 3 CHÂN,바이스류,100,EA,THIẾT BỊ CƠ KHÍ,REPAIR,1,,
TR112,방진복(파란색) ÁO BẢO HỘ,ÁO BẢO HỘ,방진복(파란색),-,EA,KHÁC,REPAIR,1,,
TR113.1,TAY LẤY ĐIỆN( TRI 캐리어부품),TAY LẤY ĐIỆN TRI,전송부품,BX304-60A,EA,THIẾT BỊ ĐIỆN,REPAIR,5,,
TR113.2,BỘ CHUYỂN ĐỔI NGUỒN(TRI 변압기),BỘ CHUYỂN ĐỔI NGUỒN,TRI 변압기,ALKOILV 24V-1000W,EA,THIẾT BỊ ĐIỆN,REPAIR,2,,
TR114.1,ĐIỆN TRỞ NHIỆT (TRI 건조 코일히터),ĐIỆN TRỞ NHIỆT,TRI 건조기 코일히터,"2,5KW",EA,THIẾT BỊ ĐIỆN,REPAIR,5,,
TR114.2,BÓNG ĐÈN(디버링 방열등,BÓNG ĐÈN,디버링 방열등,220V,EA,THIẾT BỊ ĐIỆN,REPAIR,3,,
TR115,디버링JIG,JIG E1-E2,디버링JIG,E1-E2,EA,THIẾT BỊ CƠ KHÍ,REPAIR,10,,
TR116,디버링JIG (A516),JIG A516,디버링JIG (A516),-,CUỘN,THIẾT BỊ CƠ KHÍ,REPAIR,10,,
TR117,"TEM DÁN CẢNH BÁO (각종표지판, 경구문구,부착아크릴커버)",TEM DÁN CẢNH BÁO,"각종표지판, 어색문구,부착아크릴커버",-,HỘP,KHÁC,REPAIR,15,,
TR118,DÂY THÉP (TRI 철심),DÂY THÉP,TRI철심,"1,5MM",SET,THIẾT BỊ CƠ KHÍ,REPAIR,3,,
TR119.1,GIOANG BƠM(TRI 배관가스켓) Ø40MM,GIOANG BƠM Ø40MM,TRI 배관 가스켓 Ø40MM,Ø40MM,EA,THIẾT BỊ CƠ KHÍ,REPAIR,3,,
TR119.2,GIOANG BƠM(TRI 배관가스켓) Ø34MM,GIOANG BƠM Ø34MM,TRI 배관 가스켓 Ø34MM,Ø34MM,EA,THIẾT BỊ CƠ KHÍ,REPAIR,3,,
TR119.3,GIOANG BƠM(TRI 배관가스켓) Ø50MM,GIOANG BƠM Ø50MM,TRI 배관 가스켓 Ø50MM,Ø50MM,EA,THIẾT BỊ CƠ KHÍ,REPAIR,3,,
TR119.4,GIOANG BỘ SẤY(보일러 히터 부품)Ø60MM,GIOANG BỘ SẤY Ø60MM,TRI 배관 가스켓 Ø60MM,Ø60MM,EA,THIẾT BỊ CƠ KHÍ,REPAIR,3,,
TR119.5,GIOANG BỘ SẤY(보일러 히터 부품) Ø65MM,GIOANG BỘ SẤY Ø65MM,보일러 히터 부품 Ø65MM,Ø65MM,EA,THIẾT BỊ CƠ KHÍ,REPAIR,3,,
TR119.6,배관 가스켓(小) GIOANG CAO SU NHỎ,GIOĂNG CAO SU NHỎ,파이프 가스켓(작은) ,-,EA,THIẾT BỊ CƠ KHÍ,REPAIR,3,,
TR119.7,배관 가스켓(中) GIOANG CAO SU VUEÀ,GIOĂNG CAO SU VỪA,파이프 가스켓(中) ,-,EA,THIẾT BỊ CƠ KHÍ,NEW,3,,
TR119.8,배관 가스켓(大) GIOANG CAO SU LỚN,GIOĂNG CAO SU LỚN,배관 가스켓(大) ,-,EA,THIẾT BỊ CƠ KHÍ,NEW,3,,
TR119.9,디버링 컨베이어 타이밍 벨트 GIOANG CỬA SỔ DEBURRING,GIOĂNGCỬA SỔ DEBURRING,디버링 보호 벨트,158-2GT,EA,THIẾT BỊ CƠ KHÍ,NEW,50,,
TR120.1,BỘ SẤY NHIỆT(보일러 열 히터),BỘ SẤY NHIỆT,보일러 열히터,20KW,EA,THIẾT BỊ ĐIỆN,NEW,5,,
TR120.2,컨베이어 롤러 CON LĂN NHỰA,CON LĂN NHỰA,압축기 롤러,Ø27MM,EA,THIẾT BỊ CƠ KHÍ,REPAIR,5,,
TR121.1,FITTING NỐI THẲNG(FITTING)6*6,FITTING NỐI THẲNG(FITTING) 6*6,피팅6*6,6*6,EA,THIẾT BỊ CƠ KHÍ,REPAIR,3,,
TR121.2,FITTING NỐI THẲNG(FITTING)4*6,FITTING NỐI THẲNG(FITTING) 4*6,피팅4*6,4*6,EA,THIẾT BỊ CƠ KHÍ,NEW,3,,
TR121.3,FITTING NỐI THẲNG(FITTING)8*12,FITTING NỐI THẲNG(FITTING) 8*12,피팅8*12,8*12,EA,THIẾT BỊ CƠ KHÍ,REPAIR,3,,
TR121.4,FITTING T3 Ø8MM,FITTING T3 Ø8MM,피팅 T3 Ø8MM,Ø8MM,EA,THIẾT BỊ CƠ KHÍ,NEW,3,,
TR121.5,FITTING T3 Ø12MM,FITTING T3 Ø12MM,피팅 T3 Ø12MM,Ø12MM,EA,THIẾT BỊ CƠ KHÍ,NEW,3,,
TR121.6,FITTING NỐI REN,FITTING NỐI REN,피팅 니 렌,Ø10 REN 12,EA,THIẾT BỊ CƠ KHÍ,REPAIR,3,,
TR121.7,GIẢM CHẤN(디버링 소음기),GIẢM CHẤN,디버링 소음기,-,EA,THIẾT BỊ CƠ KHÍ,NEW,5,,
TR122.1,케이블 (링브로우 모터용) DÂY ĐIỆN Ø6MM,DÂY ĐIỆN Ø6MM,케이블(링브로우 모터용) Ø6MM,Ø6MM,M,THIẾT BỊ CƠ KHÍ,NEW,50,,
TR122.2,케이블 (링브로우 모터용) DÂY ĐIỆN 4*2.5MM,DÂY ĐIỆN 4*2.5MM,케이블(링브로우 모터용) 4*2.5MM,4*2.5MM,M,THIẾT BỊ CƠ KHÍ,NEW,50,,
TR123.1,에어호스 DÂY KHÍ Ø6*4 MM,DÂY KHÍ   Ø6*4 MM,에어호스 Ø6*4 MM,Ø6*4 MM,ROLL,THIẾT BỊ CƠ KHÍ,NEW,200,,
TR123.2,에어호스 DÂY KHÍ Ø4*2MM,DÂY KHÍ   Ø4*2 MM,에어호스 Ø4*2MM,Ø4*2MM,ROLL,THIẾT BỊ CƠ KHÍ,NEW,200,,
TR123.3,에어호스 DÂY KHÍ Ø8*2MM,DÂY KHÍ   Ø8*2MM,에어호스 Ø8*2MM,Ø8*2MM,ROLL,THIẾT BỊ CƠ KHÍ,NEW,200,,
TR124.1,에어건 연결호스 DÂY KHÍ LÒ XO, DÂY KHÍ LÒ XO,에어건 연결호스 ,Ø8MM,EA,THIẾT BỊ CƠ KHÍ,NEW,5,,
TR124.2,에어호스 DÂY KHÍ Ø8MM,DÂY KHÍ Ø8MM,에어호스 Ø8MM,Ø8MM,M,THIẾT BỊ CƠ KHÍ,NEW,200,,
TR124.3,에어호스 DÂY KHÍ Ø12MM,DÂY KHÍ Ø12MM,에어호스 Ø12MM,Ø12MM,M,THIẾT BỊ CƠ KHÍ,NEW,200,,
TR125.1,케리어 인버터 BIẾN TẦN SV055IG5A-4,BIẾN TẦN SV055IG5A-4,케리어 인버터  SV055IG5A-4,SV055IG5A-4,EA,THIẾT BỊ ĐIỆN,NEW,3,,
TR125.2,케리어 인버터 BIẾN TẦN LSLV0022G100-4EONN,BIẾN TẦN LSLV0022G100-4EONN,케리어 인버터 LSLV0022G100-4EONN,LSLV0022G100-4EONN,EA,THIẾT BỊ ĐIỆN,NEW,3,,
TR125.3,케리어 인버터용 펜 BIẾN TẦN,BIẾN TẦN ,케리어 인버터용 펜,,EA,THIẾT BỊ ĐIỆN,NEW,2,,
TR126.1,비상정지 스위치NÚT DỪNG KHẨN CẤP,NÚT DỪNG KHẨN CẤP,푸시정지 스위치,A22-1,EA,THIẾT BỊ ĐIỆN,NEW,5,,
TR126.2,비상정지 스위치HỘP NÚT DỪNG KHẨN CẤP,HỘP NÚT DỪNG KHẨN CẤP,긴장지 스위치 ,73*73*51CM,EA,THIẾT BỊ ĐIỆN,NEW,5,,
TR127,디버링용 마그네틱 NAM CHÂM,NAM CHÂM,디버링용 마그네틱 ,60*,EA,KHÁC,NEW,15,,
TR128,테프론 테잎 절연테이프 진공포장기용 BĂNG DÍNH NHIỆT,BĂNG DÍNH NHIỆT,테프론 테잎 절연테이프 진공포장기용 ,50 MM,EA,KHÁC,NEW,3,,
TR129.1,CONTACTOR LS 18B 220V,CONTACTOR LS 18B 220V,접촉기 LS 18B 220V,LS 18B 220V,EA,THIẾT BỊ ĐIỆN,NEW,3,,
TR129.2,CONTACTOR LS 18B 24V,CONTACTOR LS 18B 24V,접촉기 LS 18B 24V,LS 18B 24V,EA,THIẾT BỊ ĐIỆN,NEW,3,,
TR129.3,CONTACTOR LS 22B 220V,CONTACTOR LS 22B 220V,접촉기 LS 22B 220V,LS 22B 220V,EA,THIẾT BỊ ĐIỆN,NEW,3,,
TR129.4,CONTACTOR LS 12B 220V,CONTACTOR LS 12B 220V,접촉기 LS 12B 220V,LS 12B 220V,EA,THIẾT BỊ ĐIỆN,NEW,3,,
TR129.5,CONTACTOR LS 9B 220V,CONTACTOR LS 9B 220V,접촉기 LS 9B 220V,LS 9B 220V,EA,THIẾT BỊ ĐIỆN,NEW,3,,
TR129.6,CẦU ĐẤU 단자,CẦU ĐẤU,꺼우다우 터미널,"IL30VK-C, 50A",EA,THIẾT BỊ ĐIỆN,NEW,5,,
TR130.1,CONTACTOR LS 50A 220V,CONTACTOR LS 50A 220V,접촉기 LS 50A 220V,LS 50A 220V,EA,THIẾT BỊ ĐIỆN,NEW,3,,
TR130.2,CONTACTOR LS 50A 24V,CONTACTOR LS 50A 24V,접촉기 LS 50A 24V,LS 50A 24V,EA,THIẾT BỊ ĐIỆN,NEW,3,,
TR130.3,CONTACTOR LS 9B 24V,CONTACTOR LS 9B 24V,접촉기 LS 9B 24V,LS 9B 24V,EA,THIẾT BỊ ĐIỆN,NEW,3,,
TR130.4,CONTACTOR LS 40A 24V,CONTACTOR LS 40A 24V,접촉기 LS 40A 24V,LS 40A 24V,EA,THIẾT BỊ ĐIỆN,NEW,3,,
TR131.1,R ƠLE NHIỆT 전자식 계전기 GMP40-2P,RƠLE NHIỆT  GMP40-2P,전자식 전기 전기 GMP40-2P,GMP40-2P,EA,THIẾT BỊ ĐIỆN,NEW,3,,
TR131.2,R ƠLE NHIỆT 전자식 계전기 MT63/3H,RƠLE NHIỆT  MT63/3H ,전자식 전기 전기 MT63/3H,MT63/3H,EA,THIẾT BỊ ĐIỆN,NEW,3,,
TR131.3,R ƠLE NHIỆT 전자식 계전기 MT-32/3H,RƠLE NHIỆT  MT-32/3H,전자식 전기 전기 MT-32/3H,MT-32/3H,EA,THIẾT BỊ ĐIỆN,NEW,3,,
TR131.4,R ƠLE NHIỆT 전자식 계전기 GMP22-2P 22A,RƠLE NHIỆT GMP22-2P 22A,전자식 전기 전기 GMP22-2P 22A,GMP22-2P 22A,EA,THIẾT BỊ ĐIỆN,NEW,3,,
TR132.1,APTOMAT 차단기 LS ABS 33C 5A,APTOMAT LS ABS 33C 5A,APTOMAT 사랑기 LS ABS 33C 5A,LS ABS 33C 5A,EA,THIẾT BỊ ĐIỆN,NEW,3,,
TR132.2,APTOMAT 차단기 LS EBS 53FB 50A,APTOMAT LS EBS 53FB 50A,APTOMAT 사랑기 LS EBS 53FB 50A,LS EBS 53FB 50A,EA,THIẾT BỊ ĐIỆN,NEW,3,,
TR132.3,APTOMAT 차단기 LS ABS 33C 10A,APTOMAT LS ABS 33C 10A,APTOMAT 사랑기 LS ABS 33C 10A,LS ABS 33C 10A,EA,THIẾT BỊ ĐIỆN,NEW,3,,
TR132.4,APTOMAT 차단기 ABN 203C 200A,APTOMAT ABN 203C 200A,APTOMAT 사랑기 ABN 203C 200A,ABN 203C 200A,EA,THIẾT BỊ ĐIỆN,NEW,3,,
TR133.1,디버링지그부품 TAI JIG TO,TAI JIG TO,디버링지그부품,-,EA,THIẾT BỊ CƠ KHÍ,NEW,50,,
TR133.2,디버링지그부품 TAI JIG NHỎ,TAI JIG NHỎ,디버링지그부품,-,EA,THIẾT BỊ CƠ KHÍ,NEW,50,,
TR133.3,디버링지그부품TRỤ JIG DÀI,TRỤ JIG DÀI,디링지그 부품,Ø11MM,EA,THIẾT BỊ CƠ KHÍ,NEW,50,,
TR133.4,디버링지그부품TRỤ JIG NGẮN,TRỤ JIG NGẮN,디링지그 부품,Ø11MM,EA,THIẾT BỊ CƠ KHÍ,NEW,50,,
TR134,디버링지그 JIG,JIG DEBURRING,디버링지그 JIG,-,EA,THIẾT BỊ CƠ KHÍ,NEW,25,,
TR135.1,GỐI ĐỠ VÒNG BI 베어링 P209,GỐI ĐỠ VÒNG BI P209,베어링 P209,P209,SET,THIẾT BỊ CƠ KHÍ,NEW,3,,
TR135.2,GỐI ĐỠ VÒNG BI 베어링 NSK-P203,GỐI ĐỠ VÒNG BI NSK-P203,베어링 NSK-P203,NSK-P203,EA,THIẾT BỊ CƠ KHÍ,NEW,4,,
TR135.3,GỐI ĐỠ VÒNG BI 베어링 F209,GỐI ĐỠ VÒNG BI F209,베어링 F209,F209,SET,THIẾT BỊ CƠ KHÍ,NEW,4,,
TR135.4,GỐI ĐỠ VÒNG BI 베어링,GỐI ĐỠ VÒNG BI,베어링,,EA,THIẾT BỊ CƠ KHÍ,NEW,3,,
TR136.1,스프라켓LÍP 40R3-21T,LÍP 40R3-21T,스프라켓 40R3-21T,40R3-21T,EA,THIẾT BỊ CƠ KHÍ,NEW,3,,
TR136.2,스프라켓LÍP 40R2-21T,LÍP 40R2-21T,스프라켓 40R2-21T,40R2-21T,EA,THIẾT BỊ CƠ KHÍ,NEW,3,,
TR136.3,스프라켓LÍP 40R-21T,LÍP 40R-21T,스프라켓 40R-21T,40R-21T,EA,THIẾT BỊ CƠ KHÍ,NEW,3,,
TR137,ỐNG TUY Ô CAO SU (TI Ô),ỐNG TUY Ô CAO SU (TI Ô),,DN 10 3/8'',M,THIẾT BỊ CƠ KHÍ,NEW,5,,
